/* Requires quest repo update as well for Translocator functionality */

INSERT INTO npc_types VALUES
(1501018,"Translocator_Gethia",NULL,1,12,1,1,32000,0,1,16,255,3,0,0,0,0,0,0,0,0,0,-1,"19,1^20,1^24,1^35,1",0,0,4,0,12,1,1,1,0,0,90,240,245,0,0,28,28,7,1.3,0,0,0,0,0,0,0,0,0,0,0,30,75,75,75,75,80,75,75,0,
0,0,0,0,0,100,0,0,0,0,0,100,100,0,0,0,0,0,0,0,0,0,0,0,0,600,0,0,0,100,0,0,0,-1,0,0,0,0),
(1501019,"Translocator_Deela",NULL,1,12,1,1,32000,0,1,16,0,3,0,0,0,0,0,0,0,0,0,-1,"19,1^20,1^24,1^35,1",0,0,0,1,1,1,1,1,0,0,90,240,245,0,0,28,28,7,1.3,0,0,0,0,0,0,0,0,0,0,0,30,75,75,75,75,80,75,75,0,0,0,
0,0,0,100,0,0,0,0,0,100,100,0,0,0,0,0,0,0,0,0,0,0,0,600,0,0,0,100,0,0,0,-1,0,0,0,0),
(1501020,"Translocator_Jorbin",NULL,1,12,1,1,32000,0,0,16,0,3,0,0,0,0,0,0,0,0,0,-1,"19,1^20,1^24,1^35,1",0,0,4,2,1,1,1,1,4,0,90,240,245,0,0,28,28,7,1.3,0,0,0,0,0,0,0,0,0,0,0,30,75,75,75,75,80,75,75,0,0,0
,0,0,0,100,0,0,0,0,0,100,100,0,0,0,0,0,0,0,0,0,0,0,0,600,0,0,0,100,0,0,0,-1,0,0,0,0),
(1501021,"Translocator_Tradil",NULL,1,12,1,1,32000,0,0,16,0,3,0,0,0,0,0,0,0,0,0,-1,"19,1^20,1^24,1^35,1",0,0,4,0,1,1,1,1,5,0,90,240,245,0,0,28,28,7,1.3,0,0,0,0,0,0,0,0,0,0,0,30,75,75,75,75,80,75,75,0,0,0
,0,0,0,100,0,0,0,0,0,100,100,0,0,0,0,0,0,0,0,0,0,0,0,600,0,0,0,100,0,0,0,-1,0,0,0,0);

INSERT INTO spawngroup VALUES
(4501057,"butcher-Translocator_Gethia",0,0,0,0,0,45000,15000,0,100,0,1200,0,0,0),
(4501058,"timorous-Translocator_Deela",0,0,0,0,0,45000,15000,0,100,0,1200,0,0,0),
(4501059,"timorous-Translocator_Jorbin",0,0,0,0,0,45000,15000,0,100,0,1200,0,0,0),
(4501060,"oasis-Translocator_Tradil",0,0,0,0,0,45000,15000,0,100,0,1200,0,0,0);

INSERT INTO spawnentry VALUES
(4501057,1501018,100,0,0,-1,-1,NULL,NULL),
(4501058,1501019,100,0,0,-1,-1,NULL,NULL),
(4501059,1501020,100,0,0,-1,-1,NULL,NULL),
(4501060,1501021,100,0,0,-1,-1,NULL,NULL);

INSERT INTO spawn2 VALUES
(11452790,4501057,"butcher",3179.000000,851.000000,11.656250,196.000000,1200,0,0,0,1,1,0,0,0,0,1,1,99,0,NULL,NULL),
(11452791,4501058,"timorous",-3254.000000,-4535.000000,19.468750,134.000000,1200,0,0,0,1,1,0,0,0,0,1,1,99,0,NULL,NULL),
(11452792,4501059,"timorous",3629.000000,5850.000000,2.100000,229.000000,1200,0,0,0,1,1,0,0,0,0,1,1,99,0,NULL,NULL),
(11452793,4501060,"oasis",-843.000000,892.000000,-1.800000,67.000000,1200,0,0,0,1,1,0,0,0,0,1,1,99,0,NULL,NULL);

