DELETE FROM lootdrop_entries WHERE `lootdrop_id` = 90072 AND `item_id` = 10379;
DELETE FROM lootdrop_entries WHERE `lootdrop_id` = 110918 AND `item_id` = 25616;
DELETE FROM lootdrop_entries WHERE `lootdrop_id` = 116435 AND `item_id` = 3046;
INSERT INTO content_flags (`id`, `flag_name`, `enabled`, `notes`) VALUES (6, "GoingPostal", 0, "May 1999 Patch adds bard delivery quests (Going Postal)");
INSERT INTO faction_list_mod (`id`, `faction_id`, `mod`, `mod_name`) VALUES (7961, 312, 0, "r42");
INSERT INTO faction_list_mod (`id`, `faction_id`, `mod`, `mod_name`) VALUES (7962, 312, 0, "r46");
INSERT INTO faction_list_mod (`id`, `faction_id`, `mod`, `mod_name`) VALUES (7963, 312, 0, "r142");
INSERT INTO faction_list_mod (`id`, `faction_id`, `mod`, `mod_name`) VALUES (7964, 312, 0, "r143");
INSERT INTO grid_entries (`gridid`, `zoneid`, `number`, `x`, `y`, `z`, `heading`, `pause`, `centerpoint`) VALUES (4, 54, 14, 940, 83, 1, -1, 0, 0);
INSERT INTO grid_entries (`gridid`, `zoneid`, `number`, `x`, `y`, `z`, `heading`, `pause`, `centerpoint`) VALUES (4, 54, 15, 884, 108, 8, -1, 0, 0);
INSERT INTO grid_entries (`gridid`, `zoneid`, `number`, `x`, `y`, `z`, `heading`, `pause`, `centerpoint`) VALUES (4, 54, 16, 710, 106, -5, -1, 0, 0);
INSERT INTO grid_entries (`gridid`, `zoneid`, `number`, `x`, `y`, `z`, `heading`, `pause`, `centerpoint`) VALUES (4, 54, 17, 457, 106, 1, -1, 0, 0);
INSERT INTO grid_entries (`gridid`, `zoneid`, `number`, `x`, `y`, `z`, `heading`, `pause`, `centerpoint`) VALUES (4, 54, 18, 205, 110, 1, -1, 0, 0);
INSERT INTO grid_entries (`gridid`, `zoneid`, `number`, `x`, `y`, `z`, `heading`, `pause`, `centerpoint`) VALUES (4, 54, 19, 191, 132, 2, -1, 0, 0);
INSERT INTO grid_entries (`gridid`, `zoneid`, `number`, `x`, `y`, `z`, `heading`, `pause`, `centerpoint`) VALUES (4, 54, 20, 211, 135, 1, -1, 0, 0);
INSERT INTO grid_entries (`gridid`, `zoneid`, `number`, `x`, `y`, `z`, `heading`, `pause`, `centerpoint`) VALUES (4, 54, 21, 234, 137, 9, -1, 0, 0);
INSERT INTO grid_entries (`gridid`, `zoneid`, `number`, `x`, `y`, `z`, `heading`, `pause`, `centerpoint`) VALUES (4, 54, 22, 273, 137, 78, -1, 0, 0);
INSERT INTO grid_entries (`gridid`, `zoneid`, `number`, `x`, `y`, `z`, `heading`, `pause`, `centerpoint`) VALUES (4, 54, 23, 296, 137, 78, -1, 0, 0);
INSERT INTO grid_entries (`gridid`, `zoneid`, `number`, `x`, `y`, `z`, `heading`, `pause`, `centerpoint`) VALUES (4, 54, 24, 303, 98, 78, -1, 0, 0);
INSERT INTO grid_entries (`gridid`, `zoneid`, `number`, `x`, `y`, `z`, `heading`, `pause`, `centerpoint`) VALUES (4, 54, 25, 327, 78, 78, -1, 0, 0);
INSERT INTO grid_entries (`gridid`, `zoneid`, `number`, `x`, `y`, `z`, `heading`, `pause`, `centerpoint`) VALUES (4, 54, 26, 364, 78, 78, -1, 0, 0);
INSERT INTO grid_entries (`gridid`, `zoneid`, `number`, `x`, `y`, `z`, `heading`, `pause`, `centerpoint`) VALUES (4, 54, 27, 410, 117, 78, -1, 0, 0);
INSERT INTO grid_entries (`gridid`, `zoneid`, `number`, `x`, `y`, `z`, `heading`, `pause`, `centerpoint`) VALUES (4, 54, 28, 565, 118, 78, -1, 0, 0);
INSERT INTO grid_entries (`gridid`, `zoneid`, `number`, `x`, `y`, `z`, `heading`, `pause`, `centerpoint`) VALUES (4, 54, 29, 621, 77, 78, -1, 0, 0);
INSERT INTO grid_entries (`gridid`, `zoneid`, `number`, `x`, `y`, `z`, `heading`, `pause`, `centerpoint`) VALUES (4, 54, 30, 621, -33, 118, -1, 0, 0);
INSERT INTO grid_entries (`gridid`, `zoneid`, `number`, `x`, `y`, `z`, `heading`, `pause`, `centerpoint`) VALUES (4, 54, 31, 582, -46, 118, -1, 0, 0);
INSERT INTO grid_entries (`gridid`, `zoneid`, `number`, `x`, `y`, `z`, `heading`, `pause`, `centerpoint`) VALUES (4, 54, 32, 557, -94, 118, -1, 0, 0);
INSERT INTO grid_entries (`gridid`, `zoneid`, `number`, `x`, `y`, `z`, `heading`, `pause`, `centerpoint`) VALUES (4, 54, 33, 504, -95, 140, -1, 0, 0);
INSERT INTO grid_entries (`gridid`, `zoneid`, `number`, `x`, `y`, `z`, `heading`, `pause`, `centerpoint`) VALUES (4, 54, 34, 452, -96, 162, -1, 0, 0);
INSERT INTO grid_entries (`gridid`, `zoneid`, `number`, `x`, `y`, `z`, `heading`, `pause`, `centerpoint`) VALUES (4, 54, 35, 400, -144, 162, -1, 0, 0);
INSERT INTO grid_entries (`gridid`, `zoneid`, `number`, `x`, `y`, `z`, `heading`, `pause`, `centerpoint`) VALUES (4, 54, 36, 398, -200, 144, -1, 0, 0);
INSERT INTO grid_entries (`gridid`, `zoneid`, `number`, `x`, `y`, `z`, `heading`, `pause`, `centerpoint`) VALUES (4, 54, 37, 398, -276, 118, -1, 0, 0);
INSERT INTO grid_entries (`gridid`, `zoneid`, `number`, `x`, `y`, `z`, `heading`, `pause`, `centerpoint`) VALUES (4, 54, 38, 365, -295, 118, -1, 0, 0);
INSERT INTO grid_entries (`gridid`, `zoneid`, `number`, `x`, `y`, `z`, `heading`, `pause`, `centerpoint`) VALUES (4, 54, 39, 341, -331, 118, -1, 0, 0);
INSERT INTO grid_entries (`gridid`, `zoneid`, `number`, `x`, `y`, `z`, `heading`, `pause`, `centerpoint`) VALUES (4, 54, 40, 355, -382, 118, -1, 0, 0);
INSERT INTO grid_entries (`gridid`, `zoneid`, `number`, `x`, `y`, `z`, `heading`, `pause`, `centerpoint`) VALUES (4, 54, 41, 268, -469, 78, -1, 0, 0);
INSERT INTO grid_entries (`gridid`, `zoneid`, `number`, `x`, `y`, `z`, `heading`, `pause`, `centerpoint`) VALUES (4, 54, 42, 281, -504, 78, -1, 0, 0);
INSERT INTO grid_entries (`gridid`, `zoneid`, `number`, `x`, `y`, `z`, `heading`, `pause`, `centerpoint`) VALUES (4, 54, 43, 277, -544, 78, -1, 0, 0);
INSERT INTO grid_entries (`gridid`, `zoneid`, `number`, `x`, `y`, `z`, `heading`, `pause`, `centerpoint`) VALUES (4, 54, 44, 249, -573, 78, -1, 0, 0);
INSERT INTO grid_entries (`gridid`, `zoneid`, `number`, `x`, `y`, `z`, `heading`, `pause`, `centerpoint`) VALUES (4, 54, 45, 227, -571, 78, -1, 0, 0);
INSERT INTO grid_entries (`gridid`, `zoneid`, `number`, `x`, `y`, `z`, `heading`, `pause`, `centerpoint`) VALUES (4, 54, 46, 227, -589, 78, -1, 0, 0);
INSERT INTO grid_entries (`gridid`, `zoneid`, `number`, `x`, `y`, `z`, `heading`, `pause`, `centerpoint`) VALUES (4, 54, 47, 232, -590, 78, -1, 0, 0);
INSERT INTO grid_entries (`gridid`, `zoneid`, `number`, `x`, `y`, `z`, `heading`, `pause`, `centerpoint`) VALUES (4, 54, 48, 259, -617, 78, -1, 0, 0);
INSERT INTO grid_entries (`gridid`, `zoneid`, `number`, `x`, `y`, `z`, `heading`, `pause`, `centerpoint`) VALUES (4, 54, 49, 260, -649, 78, -1, 0, 0);
INSERT INTO grid_entries (`gridid`, `zoneid`, `number`, `x`, `y`, `z`, `heading`, `pause`, `centerpoint`) VALUES (4, 54, 50, 281, -648, 2, -1, 0, 0);
INSERT INTO grid_entries (`gridid`, `zoneid`, `number`, `x`, `y`, `z`, `heading`, `pause`, `centerpoint`) VALUES (4, 54, 51, 260, -649, 78, -1, 0, 0);
INSERT INTO grid_entries (`gridid`, `zoneid`, `number`, `x`, `y`, `z`, `heading`, `pause`, `centerpoint`) VALUES (4, 54, 52, 259, -617, 78, -1, 0, 0);
INSERT INTO grid_entries (`gridid`, `zoneid`, `number`, `x`, `y`, `z`, `heading`, `pause`, `centerpoint`) VALUES (4, 54, 53, 232, -590, 78, -1, 0, 0);
INSERT INTO grid_entries (`gridid`, `zoneid`, `number`, `x`, `y`, `z`, `heading`, `pause`, `centerpoint`) VALUES (4, 54, 54, 224, -589, 78, -1, 0, 0);
INSERT INTO grid_entries (`gridid`, `zoneid`, `number`, `x`, `y`, `z`, `heading`, `pause`, `centerpoint`) VALUES (4, 54, 55, 227, -571, 78, -1, 0, 0);
INSERT INTO grid_entries (`gridid`, `zoneid`, `number`, `x`, `y`, `z`, `heading`, `pause`, `centerpoint`) VALUES (4, 54, 56, 249, -573, 78, -1, 0, 0);
INSERT INTO grid_entries (`gridid`, `zoneid`, `number`, `x`, `y`, `z`, `heading`, `pause`, `centerpoint`) VALUES (4, 54, 57, 277, -544, 78, -1, 0, 0);
INSERT INTO grid_entries (`gridid`, `zoneid`, `number`, `x`, `y`, `z`, `heading`, `pause`, `centerpoint`) VALUES (4, 54, 58, 281, -504, 78, -1, 0, 0);
INSERT INTO grid_entries (`gridid`, `zoneid`, `number`, `x`, `y`, `z`, `heading`, `pause`, `centerpoint`) VALUES (4, 54, 59, 268, -469, 78, -1, 0, 0);
INSERT INTO grid_entries (`gridid`, `zoneid`, `number`, `x`, `y`, `z`, `heading`, `pause`, `centerpoint`) VALUES (4, 54, 60, 355, -382, 118, -1, 0, 0);
INSERT INTO grid_entries (`gridid`, `zoneid`, `number`, `x`, `y`, `z`, `heading`, `pause`, `centerpoint`) VALUES (4, 54, 61, 341, -331, 118, -1, 0, 0);
INSERT INTO grid_entries (`gridid`, `zoneid`, `number`, `x`, `y`, `z`, `heading`, `pause`, `centerpoint`) VALUES (4, 54, 62, 365, -295, 118, -1, 0, 0);
INSERT INTO grid_entries (`gridid`, `zoneid`, `number`, `x`, `y`, `z`, `heading`, `pause`, `centerpoint`) VALUES (4, 54, 63, 398, -276, 118, -1, 0, 0);
INSERT INTO grid_entries (`gridid`, `zoneid`, `number`, `x`, `y`, `z`, `heading`, `pause`, `centerpoint`) VALUES (4, 54, 64, 398, -200, 144, -1, 0, 0);
INSERT INTO grid_entries (`gridid`, `zoneid`, `number`, `x`, `y`, `z`, `heading`, `pause`, `centerpoint`) VALUES (4, 54, 65, 400, -144, 162, -1, 0, 0);
INSERT INTO grid_entries (`gridid`, `zoneid`, `number`, `x`, `y`, `z`, `heading`, `pause`, `centerpoint`) VALUES (4, 54, 66, 452, -96, 162, -1, 0, 0);
INSERT INTO grid_entries (`gridid`, `zoneid`, `number`, `x`, `y`, `z`, `heading`, `pause`, `centerpoint`) VALUES (4, 54, 67, 504, -95, 140, -1, 0, 0);
INSERT INTO grid_entries (`gridid`, `zoneid`, `number`, `x`, `y`, `z`, `heading`, `pause`, `centerpoint`) VALUES (4, 54, 68, 557, -94, 118, -1, 0, 0);
INSERT INTO grid_entries (`gridid`, `zoneid`, `number`, `x`, `y`, `z`, `heading`, `pause`, `centerpoint`) VALUES (4, 54, 69, 582, -46, 118, -1, 0, 0);
INSERT INTO grid_entries (`gridid`, `zoneid`, `number`, `x`, `y`, `z`, `heading`, `pause`, `centerpoint`) VALUES (4, 54, 70, 621, -33, 118, -1, 0, 0);
INSERT INTO grid_entries (`gridid`, `zoneid`, `number`, `x`, `y`, `z`, `heading`, `pause`, `centerpoint`) VALUES (4, 54, 71, 621, 77, 78, -1, 0, 0);
INSERT INTO grid_entries (`gridid`, `zoneid`, `number`, `x`, `y`, `z`, `heading`, `pause`, `centerpoint`) VALUES (4, 54, 72, 565, 118, 78, -1, 0, 0);
INSERT INTO grid_entries (`gridid`, `zoneid`, `number`, `x`, `y`, `z`, `heading`, `pause`, `centerpoint`) VALUES (4, 54, 73, 410, 117, 78, -1, 0, 0);
INSERT INTO grid_entries (`gridid`, `zoneid`, `number`, `x`, `y`, `z`, `heading`, `pause`, `centerpoint`) VALUES (4, 54, 74, 364, 78, 78, -1, 0, 0);
INSERT INTO grid_entries (`gridid`, `zoneid`, `number`, `x`, `y`, `z`, `heading`, `pause`, `centerpoint`) VALUES (4, 54, 75, 327, 78, 78, -1, 0, 0);
INSERT INTO grid_entries (`gridid`, `zoneid`, `number`, `x`, `y`, `z`, `heading`, `pause`, `centerpoint`) VALUES (4, 54, 76, 303, 98, 78, -1, 0, 0);
INSERT INTO grid_entries (`gridid`, `zoneid`, `number`, `x`, `y`, `z`, `heading`, `pause`, `centerpoint`) VALUES (4, 54, 77, 296, 137, 78, -1, 0, 0);
INSERT INTO grid_entries (`gridid`, `zoneid`, `number`, `x`, `y`, `z`, `heading`, `pause`, `centerpoint`) VALUES (4, 54, 78, 273, 137, 78, -1, 0, 0);
INSERT INTO grid_entries (`gridid`, `zoneid`, `number`, `x`, `y`, `z`, `heading`, `pause`, `centerpoint`) VALUES (4, 54, 79, 234, 137, 9, -1, 0, 0);
INSERT INTO grid_entries (`gridid`, `zoneid`, `number`, `x`, `y`, `z`, `heading`, `pause`, `centerpoint`) VALUES (4, 54, 80, 211, 135, 1, -1, 0, 0);
INSERT INTO grid_entries (`gridid`, `zoneid`, `number`, `x`, `y`, `z`, `heading`, `pause`, `centerpoint`) VALUES (4, 54, 81, 191, 132, 2, -1, 0, 0);
INSERT INTO grid_entries (`gridid`, `zoneid`, `number`, `x`, `y`, `z`, `heading`, `pause`, `centerpoint`) VALUES (4, 54, 82, 205, 110, 1, -1, 0, 0);
INSERT INTO grid_entries (`gridid`, `zoneid`, `number`, `x`, `y`, `z`, `heading`, `pause`, `centerpoint`) VALUES (4, 54, 83, 457, 106, 1, -1, 0, 0);
INSERT INTO grid_entries (`gridid`, `zoneid`, `number`, `x`, `y`, `z`, `heading`, `pause`, `centerpoint`) VALUES (4, 54, 84, 710, 106, -5, -1, 0, 0);
INSERT INTO grid_entries (`gridid`, `zoneid`, `number`, `x`, `y`, `z`, `heading`, `pause`, `centerpoint`) VALUES (4, 54, 85, 884, 108, 8, -1, 0, 0);
INSERT INTO grid_entries (`gridid`, `zoneid`, `number`, `x`, `y`, `z`, `heading`, `pause`, `centerpoint`) VALUES (4, 54, 86, 940, 83, 1, -1, 0, 0);
INSERT INTO grid_entries (`gridid`, `zoneid`, `number`, `x`, `y`, `z`, `heading`, `pause`, `centerpoint`) VALUES (4, 54, 87, 994, 78, 1, -1, 0, 0);
INSERT INTO grid_entries (`gridid`, `zoneid`, `number`, `x`, `y`, `z`, `heading`, `pause`, `centerpoint`) VALUES (4, 54, 88, 1185, -286, -6, -1, 0, 0);
INSERT INTO grid_entries (`gridid`, `zoneid`, `number`, `x`, `y`, `z`, `heading`, `pause`, `centerpoint`) VALUES (4, 54, 89, 1409, -715, 1, -1, 0, 0);
INSERT INTO grid_entries (`gridid`, `zoneid`, `number`, `x`, `y`, `z`, `heading`, `pause`, `centerpoint`) VALUES (4, 54, 90, 1576, -1039, -1, -1, 0, 0);
INSERT INTO grid_entries (`gridid`, `zoneid`, `number`, `x`, `y`, `z`, `heading`, `pause`, `centerpoint`) VALUES (4, 54, 91, 1675, -1229, -41, -1, 0, 0);
INSERT INTO grid_entries (`gridid`, `zoneid`, `number`, `x`, `y`, `z`, `heading`, `pause`, `centerpoint`) VALUES (4, 54, 92, 1753, -1379, 1, -1, 0, 0);
INSERT INTO grid_entries (`gridid`, `zoneid`, `number`, `x`, `y`, `z`, `heading`, `pause`, `centerpoint`) VALUES (4, 54, 93, 1304, -1554, 2, -1, 0, 0);
INSERT INTO grid_entries (`gridid`, `zoneid`, `number`, `x`, `y`, `z`, `heading`, `pause`, `centerpoint`) VALUES (4, 54, 94, 794, -1757, 15, 0, 2, 0);
INSERT INTO grid_entries (`gridid`, `zoneid`, `number`, `x`, `y`, `z`, `heading`, `pause`, `centerpoint`) VALUES (4, 54, 95, 1304, -1554, 2, -1, 0, 0);
INSERT INTO grid_entries (`gridid`, `zoneid`, `number`, `x`, `y`, `z`, `heading`, `pause`, `centerpoint`) VALUES (4, 54, 96, 1753, -1379, 1, -1, 0, 0);
INSERT INTO grid_entries (`gridid`, `zoneid`, `number`, `x`, `y`, `z`, `heading`, `pause`, `centerpoint`) VALUES (4, 54, 97, 1662, -934, -9, -1, 0, 0);
INSERT INTO grid_entries (`gridid`, `zoneid`, `number`, `x`, `y`, `z`, `heading`, `pause`, `centerpoint`) VALUES (4, 54, 98, 1581, -564, 21, -1, 0, 0);
INSERT INTO grid_entries (`gridid`, `zoneid`, `number`, `x`, `y`, `z`, `heading`, `pause`, `centerpoint`) VALUES (4, 54, 99, 1517, -294, 1, -1, 0, 0);
INSERT INTO grid_entries (`gridid`, `zoneid`, `number`, `x`, `y`, `z`, `heading`, `pause`, `centerpoint`) VALUES (4, 54, 100, 1517, -294, 1, -1, 0, 0);
INSERT INTO grid_entries (`gridid`, `zoneid`, `number`, `x`, `y`, `z`, `heading`, `pause`, `centerpoint`) VALUES (4, 54, 101, 1517, -294, 1, -1, 0, 0);
INSERT INTO lootdrop (`id`, `name`, `min_expansion`, `max_expansion`, `content_flags`, `content_flags_disabled`) VALUES (116463, "95230_#a_crystal_lurker_", -1, -1, NULL, NULL);
INSERT INTO lootdrop (`id`, `name`, `min_expansion`, `max_expansion`, `content_flags`, `content_flags_disabled`) VALUES (116464, "93138_a_turmoil_toad_", -1, -1, NULL, "OldPlane_Hate_Sky");
INSERT INTO lootdrop (`id`, `name`, `min_expansion`, `max_expansion`, `content_flags`, `content_flags_disabled`) VALUES (116465, "93137_a_worry_wraith_", -1, -1, NULL, "OldPlane_Hate_Sky");
INSERT INTO lootdrop (`id`, `name`, `min_expansion`, `max_expansion`, `content_flags`, `content_flags_disabled`) VALUES (116466, "93149_a_boogeyman_", -1, -1, NULL, "OldPlane_Hate_Sky");
-- Forces Lady Vox loot Scimitar of the Mistwalker to be locked to classic.  PQ already has this lock enforced.
-- INSERT INTO lootdrop_entries (`lootdrop_id`, `item_id`, `item_charges`, `equip_item`, `chance`, `minlevel`, `maxlevel`, `multiplier`, `disabled_chance`, `min_expansion`, `max_expansion`, `content_flags`, `content_flags_disabled`) VALUES (104461, 11604, 1, 0, 10, 0, 255, 1, 0, 0, 0, NULL, NULL);
INSERT INTO lootdrop_entries (`lootdrop_id`, `item_id`, `item_charges`, `equip_item`, `chance`, `minlevel`, `maxlevel`, `multiplier`, `disabled_chance`, `min_expansion`, `max_expansion`, `content_flags`, `content_flags_disabled`) VALUES (105458, 12181, 1, 1, 25, 0, 255, 1, 0, -1, -1, "Classic_OldWorldDrops", NULL);
INSERT INTO lootdrop_entries (`lootdrop_id`, `item_id`, `item_charges`, `equip_item`, `chance`, `minlevel`, `maxlevel`, `multiplier`, `disabled_chance`, `min_expansion`, `max_expansion`, `content_flags`, `content_flags_disabled`) VALUES (116151, 2322, 1, 1, 50, 0, 255, 1, 0, -1, -1, NULL, NULL);
INSERT INTO lootdrop_entries (`lootdrop_id`, `item_id`, `item_charges`, `equip_item`, `chance`, `minlevel`, `maxlevel`, `multiplier`, `disabled_chance`, `min_expansion`, `max_expansion`, `content_flags`, `content_flags_disabled`) VALUES (116151, 6300, 1, 1, 25, 0, 255, 1, 0, -1, -1, NULL, NULL);
INSERT INTO lootdrop_entries (`lootdrop_id`, `item_id`, `item_charges`, `equip_item`, `chance`, `minlevel`, `maxlevel`, `multiplier`, `disabled_chance`, `min_expansion`, `max_expansion`, `content_flags`, `content_flags_disabled`) VALUES (116433, 3046, 1, 1, 10, 0, 255, 1, 0, -1, -1, NULL, NULL);
INSERT INTO lootdrop_entries (`lootdrop_id`, `item_id`, `item_charges`, `equip_item`, `chance`, `minlevel`, `maxlevel`, `multiplier`, `disabled_chance`, `min_expansion`, `max_expansion`, `content_flags`, `content_flags_disabled`) VALUES (116435, 3304, 1, 1, 25, 0, 255, 1, 0, -1, -1, NULL, NULL);
INSERT INTO lootdrop_entries (`lootdrop_id`, `item_id`, `item_charges`, `equip_item`, `chance`, `minlevel`, `maxlevel`, `multiplier`, `disabled_chance`, `min_expansion`, `max_expansion`, `content_flags`, `content_flags_disabled`) VALUES (116463, 25616, 1, 1, 10, 0, 255, 1, 0, -1, -1, NULL, NULL);
INSERT INTO lootdrop_entries (`lootdrop_id`, `item_id`, `item_charges`, `equip_item`, `chance`, `minlevel`, `maxlevel`, `multiplier`, `disabled_chance`, `min_expansion`, `max_expansion`, `content_flags`, `content_flags_disabled`) VALUES (116464, 4871, 1, 1, 3, 0, 255, 1, 0, -1, -1, NULL, NULL);
INSERT INTO lootdrop_entries (`lootdrop_id`, `item_id`, `item_charges`, `equip_item`, `chance`, `minlevel`, `maxlevel`, `multiplier`, `disabled_chance`, `min_expansion`, `max_expansion`, `content_flags`, `content_flags_disabled`) VALUES (116464, 4872, 1, 1, 2, 0, 255, 1, 0, -1, -1, NULL, NULL);
INSERT INTO lootdrop_entries (`lootdrop_id`, `item_id`, `item_charges`, `equip_item`, `chance`, `minlevel`, `maxlevel`, `multiplier`, `disabled_chance`, `min_expansion`, `max_expansion`, `content_flags`, `content_flags_disabled`) VALUES (116464, 4873, 1, 1, 4, 0, 255, 1, 0, -1, -1, NULL, NULL);
INSERT INTO lootdrop_entries (`lootdrop_id`, `item_id`, `item_charges`, `equip_item`, `chance`, `minlevel`, `maxlevel`, `multiplier`, `disabled_chance`, `min_expansion`, `max_expansion`, `content_flags`, `content_flags_disabled`) VALUES (116464, 4874, 1, 1, 5, 0, 255, 1, 0, -1, -1, NULL, NULL);
INSERT INTO lootdrop_entries (`lootdrop_id`, `item_id`, `item_charges`, `equip_item`, `chance`, `minlevel`, `maxlevel`, `multiplier`, `disabled_chance`, `min_expansion`, `max_expansion`, `content_flags`, `content_flags_disabled`) VALUES (116464, 4875, 1, 1, 4, 0, 255, 1, 0, -1, -1, NULL, NULL);
INSERT INTO lootdrop_entries (`lootdrop_id`, `item_id`, `item_charges`, `equip_item`, `chance`, `minlevel`, `maxlevel`, `multiplier`, `disabled_chance`, `min_expansion`, `max_expansion`, `content_flags`, `content_flags_disabled`) VALUES (116464, 4876, 1, 1, 3, 0, 255, 1, 0, -1, -1, NULL, NULL);
INSERT INTO lootdrop_entries (`lootdrop_id`, `item_id`, `item_charges`, `equip_item`, `chance`, `minlevel`, `maxlevel`, `multiplier`, `disabled_chance`, `min_expansion`, `max_expansion`, `content_flags`, `content_flags_disabled`) VALUES (116464, 4877, 1, 1, 4, 0, 255, 1, 0, -1, -1, NULL, NULL);
INSERT INTO lootdrop_entries (`lootdrop_id`, `item_id`, `item_charges`, `equip_item`, `chance`, `minlevel`, `maxlevel`, `multiplier`, `disabled_chance`, `min_expansion`, `max_expansion`, `content_flags`, `content_flags_disabled`) VALUES (116465, 4881, 1, 1, 3, 0, 255, 1, 0, -1, -1, NULL, NULL);
INSERT INTO lootdrop_entries (`lootdrop_id`, `item_id`, `item_charges`, `equip_item`, `chance`, `minlevel`, `maxlevel`, `multiplier`, `disabled_chance`, `min_expansion`, `max_expansion`, `content_flags`, `content_flags_disabled`) VALUES (116465, 4882, 1, 1, 2, 0, 255, 1, 0, -1, -1, NULL, NULL);
INSERT INTO lootdrop_entries (`lootdrop_id`, `item_id`, `item_charges`, `equip_item`, `chance`, `minlevel`, `maxlevel`, `multiplier`, `disabled_chance`, `min_expansion`, `max_expansion`, `content_flags`, `content_flags_disabled`) VALUES (116465, 4883, 1, 1, 4, 0, 255, 1, 0, -1, -1, NULL, NULL);
INSERT INTO lootdrop_entries (`lootdrop_id`, `item_id`, `item_charges`, `equip_item`, `chance`, `minlevel`, `maxlevel`, `multiplier`, `disabled_chance`, `min_expansion`, `max_expansion`, `content_flags`, `content_flags_disabled`) VALUES (116465, 4884, 1, 1, 5, 0, 255, 1, 0, -1, -1, NULL, NULL);
INSERT INTO lootdrop_entries (`lootdrop_id`, `item_id`, `item_charges`, `equip_item`, `chance`, `minlevel`, `maxlevel`, `multiplier`, `disabled_chance`, `min_expansion`, `max_expansion`, `content_flags`, `content_flags_disabled`) VALUES (116465, 4885, 1, 1, 4, 0, 255, 1, 0, -1, -1, NULL, NULL);
INSERT INTO lootdrop_entries (`lootdrop_id`, `item_id`, `item_charges`, `equip_item`, `chance`, `minlevel`, `maxlevel`, `multiplier`, `disabled_chance`, `min_expansion`, `max_expansion`, `content_flags`, `content_flags_disabled`) VALUES (116465, 4886, 1, 1, 3, 0, 255, 1, 0, -1, -1, NULL, NULL);
INSERT INTO lootdrop_entries (`lootdrop_id`, `item_id`, `item_charges`, `equip_item`, `chance`, `minlevel`, `maxlevel`, `multiplier`, `disabled_chance`, `min_expansion`, `max_expansion`, `content_flags`, `content_flags_disabled`) VALUES (116465, 4887, 1, 1, 4, 0, 255, 1, 0, -1, -1, NULL, NULL);
INSERT INTO lootdrop_entries (`lootdrop_id`, `item_id`, `item_charges`, `equip_item`, `chance`, `minlevel`, `maxlevel`, `multiplier`, `disabled_chance`, `min_expansion`, `max_expansion`, `content_flags`, `content_flags_disabled`) VALUES (116466, 4861, 1, 1, 3, 0, 255, 1, 0, -1, -1, NULL, NULL);
INSERT INTO lootdrop_entries (`lootdrop_id`, `item_id`, `item_charges`, `equip_item`, `chance`, `minlevel`, `maxlevel`, `multiplier`, `disabled_chance`, `min_expansion`, `max_expansion`, `content_flags`, `content_flags_disabled`) VALUES (116466, 4862, 1, 1, 2, 0, 255, 1, 0, -1, -1, NULL, NULL);
INSERT INTO lootdrop_entries (`lootdrop_id`, `item_id`, `item_charges`, `equip_item`, `chance`, `minlevel`, `maxlevel`, `multiplier`, `disabled_chance`, `min_expansion`, `max_expansion`, `content_flags`, `content_flags_disabled`) VALUES (116466, 4863, 1, 1, 4, 0, 255, 1, 0, -1, -1, NULL, NULL);
INSERT INTO lootdrop_entries (`lootdrop_id`, `item_id`, `item_charges`, `equip_item`, `chance`, `minlevel`, `maxlevel`, `multiplier`, `disabled_chance`, `min_expansion`, `max_expansion`, `content_flags`, `content_flags_disabled`) VALUES (116466, 4864, 1, 1, 5, 0, 255, 1, 0, -1, -1, NULL, NULL);
INSERT INTO lootdrop_entries (`lootdrop_id`, `item_id`, `item_charges`, `equip_item`, `chance`, `minlevel`, `maxlevel`, `multiplier`, `disabled_chance`, `min_expansion`, `max_expansion`, `content_flags`, `content_flags_disabled`) VALUES (116466, 4865, 1, 1, 4, 0, 255, 1, 0, -1, -1, NULL, NULL);
INSERT INTO lootdrop_entries (`lootdrop_id`, `item_id`, `item_charges`, `equip_item`, `chance`, `minlevel`, `maxlevel`, `multiplier`, `disabled_chance`, `min_expansion`, `max_expansion`, `content_flags`, `content_flags_disabled`) VALUES (116466, 4866, 1, 1, 3, 0, 255, 1, 0, -1, -1, NULL, NULL);
INSERT INTO lootdrop_entries (`lootdrop_id`, `item_id`, `item_charges`, `equip_item`, `chance`, `minlevel`, `maxlevel`, `multiplier`, `disabled_chance`, `min_expansion`, `max_expansion`, `content_flags`, `content_flags_disabled`) VALUES (116466, 4867, 1, 1, 4, 0, 255, 1, 0, -1, -1, NULL, NULL);
INSERT INTO loottable (`id`, `name`, `mincash`, `maxcash`, `avgcoin`, `done`, `min_expansion`, `max_expansion`, `content_flags`, `content_flags_disabled`) VALUES (97619, "Minotaur_Guard", 100, 3000, 0, 0, -1, -1, NULL, NULL);
INSERT INTO loottable_entries (`loottable_id`, `lootdrop_id`, `multiplier`, `probability`, `droplimit`, `mindrop`, `multiplier_min`) VALUES (93137, 116465, 1, 100, 1, 0, 0);
INSERT INTO loottable_entries (`loottable_id`, `lootdrop_id`, `multiplier`, `probability`, `droplimit`, `mindrop`, `multiplier_min`) VALUES (93138, 116464, 1, 100, 1, 0, 0);
INSERT INTO loottable_entries (`loottable_id`, `lootdrop_id`, `multiplier`, `probability`, `droplimit`, `mindrop`, `multiplier_min`) VALUES (93149, 116466, 1, 100, 1, 0, 0);
INSERT INTO loottable_entries (`loottable_id`, `lootdrop_id`, `multiplier`, `probability`, `droplimit`, `mindrop`, `multiplier_min`) VALUES (93394, 90525, 1, 100, 1, 0, 0);
INSERT INTO loottable_entries (`loottable_id`, `lootdrop_id`, `multiplier`, `probability`, `droplimit`, `mindrop`, `multiplier_min`) VALUES (95230, 116463, 1, 100, 0, 0, 0);
INSERT INTO loottable_entries (`loottable_id`, `lootdrop_id`, `multiplier`, `probability`, `droplimit`, `mindrop`, `multiplier_min`) VALUES (97619, 100511, 1, 100, 1, 0, 0);
INSERT INTO loottable_entries (`loottable_id`, `lootdrop_id`, `multiplier`, `probability`, `droplimit`, `mindrop`, `multiplier_min`) VALUES (97619, 102838, 1, 100, 1, 0, 0);
INSERT INTO loottable_entries (`loottable_id`, `lootdrop_id`, `multiplier`, `probability`, `droplimit`, `mindrop`, `multiplier_min`) VALUES (97619, 116035, 1, 100, 1, 0, 0);
INSERT INTO npc_faction_entries (`npc_faction_id`, `faction_id`, `value`, `npc_value`, `temp`, `sort_order`) VALUES (189, 104, 0, -1, 0, 5);
INSERT INTO npc_faction_entries (`npc_faction_id`, `faction_id`, `value`, `npc_value`, `temp`, `sort_order`) VALUES (197, 104, 0, -1, 0, 7);
INSERT INTO npc_faction_entries (`npc_faction_id`, `faction_id`, `value`, `npc_value`, `temp`, `sort_order`) VALUES (363, 104, 0, -1, 0, 4);
INSERT INTO npc_faction_entries (`npc_faction_id`, `faction_id`, `value`, `npc_value`, `temp`, `sort_order`) VALUES (369, 104, 0, -1, 0, 4);
INSERT INTO npc_faction_entries (`npc_faction_id`, `faction_id`, `value`, `npc_value`, `temp`, `sort_order`) VALUES (497, 104, 0, -1, 0, 4);
INSERT INTO npc_faction_entries (`npc_faction_id`, `faction_id`, `value`, `npc_value`, `temp`, `sort_order`) VALUES (755, 104, 0, -1, 0, 4);
INSERT INTO npc_faction_entries (`npc_faction_id`, `faction_id`, `value`, `npc_value`, `temp`, `sort_order`) VALUES (791, 104, 0, -1, 0, 6);
INSERT INTO npc_types (`id`, `name`, `lastname`, `level`, `race`, `class`, `bodytype`, `hp`, `mana`, `gender`, `texture`, `helmtexture`, `size`, `hp_regen_rate`, `mana_regen_rate`, `loottable_id`, `merchant_id`, `npc_spells_id`, `npc_spells_effects_id`, `npc_faction_id`, `mindmg`, `maxdmg`, `attack_count`, `special_abilities`, `aggroradius`, `assistradius`, `face`, `luclin_hairstyle`, `luclin_haircolor`, `luclin_eyecolor`, `luclin_eyecolor2`, `luclin_beardcolor`, `luclin_beard`, `armortint_id`, `armortint_red`, `armortint_green`, `armortint_blue`, `d_melee_texture1`, `d_melee_texture2`, `prim_melee_type`, `sec_melee_type`, `ranged_type`, `runspeed`, `MR`, `CR`, `DR`, `FR`, `PR`, `see_invis`, `see_invis_undead`, `qglobal`, `AC`, `npc_aggro`, `spawn_limit`, `attack_delay`, `STR`, `STA`, `DEX`, `AGI`, `_INT`, `WIS`, `CHA`, `see_sneak`, `see_improved_hide`, `ATK`, `Accuracy`, `slow_mitigation`, `maxlevel`, `scalerate`, `private_corpse`, `unique_spawn_by_name`, `underwater`, `isquest`, `emoteid`, `spellscale`, `healscale`, `raid_target`, `chesttexture`, `armtexture`, `bracertexture`, `handtexture`, `legtexture`, `feettexture`, `light`, `walkspeed`, `combat_hp_regen`, `combat_mana_regen`, `aggro_pc`, `ignore_distance`, `encounter`, `ignore_despawn`, `avoidance`, `exp_pct`, `greed`, `engage_notice`, `stuck_behavior`, `flymode`, `skip_global_loot`, `rare_spawn`) VALUES (56014, "Meldrath_The_Malignant", "", 24, 12, 11, 1, 780, 810, 0, 2, 0, 3, 50, 44, 92589, 0, 515, 0, 53, 6, 52, -1, "10,1", 60, 0, 3, 255, 255, 255, 255, 255, 255, 0, 0, 0, 0, 0, 0, 28, 28, 7, 1.25, 35, 35, 25, 35, 25, 1, 1, 0, 78, 0, 0, 30, 116, 116, 116, 116, 116, 116, 116, 0, 0, 0, 0, 0, 0, 0, 0, 0, 0, 0, 331, 100, 100, 0, 2, 2, 2, 2, 2, 2, 0, 0.5, 2, 1, 0, 1000, 0, 0, 0, 100, 0, 0, 0, -1, 0, 0);
INSERT INTO npc_types (`id`, `name`, `lastname`, `level`, `race`, `class`, `bodytype`, `hp`, `mana`, `gender`, `texture`, `helmtexture`, `size`, `hp_regen_rate`, `mana_regen_rate`, `loottable_id`, `merchant_id`, `npc_spells_id`, `npc_spells_effects_id`, `npc_faction_id`, `mindmg`, `maxdmg`, `attack_count`, `special_abilities`, `aggroradius`, `assistradius`, `face`, `luclin_hairstyle`, `luclin_haircolor`, `luclin_eyecolor`, `luclin_eyecolor2`, `luclin_beardcolor`, `luclin_beard`, `armortint_id`, `armortint_red`, `armortint_green`, `armortint_blue`, `d_melee_texture1`, `d_melee_texture2`, `prim_melee_type`, `sec_melee_type`, `ranged_type`, `runspeed`, `MR`, `CR`, `DR`, `FR`, `PR`, `see_invis`, `see_invis_undead`, `qglobal`, `AC`, `npc_aggro`, `spawn_limit`, `attack_delay`, `STR`, `STA`, `DEX`, `AGI`, `_INT`, `WIS`, `CHA`, `see_sneak`, `see_improved_hide`, `ATK`, `Accuracy`, `slow_mitigation`, `maxlevel`, `scalerate`, `private_corpse`, `unique_spawn_by_name`, `underwater`, `isquest`, `emoteid`, `spellscale`, `healscale`, `raid_target`, `chesttexture`, `armtexture`, `bracertexture`, `handtexture`, `legtexture`, `feettexture`, `light`, `walkspeed`, `combat_hp_regen`, `combat_mana_regen`, `aggro_pc`, `ignore_distance`, `encounter`, `ignore_despawn`, `avoidance`, `exp_pct`, `greed`, `engage_notice`, `stuck_behavior`, `flymode`, `skip_global_loot`, `rare_spawn`) VALUES (56015, "Minotaur_Guard", "", 37, 53, 1, 1, 2870, 0, 2, 0, 0, 10, 32, 0, 97619, 0, 0, 0, 55, 4, 78, -1, "10,1", 100, 0, 0, 255, 255, 255, 255, 255, 255, 0, 0, 0, 0, 0, 0, 28, 28, 7, 1.25, 45, 25, 25, 25, 25, 0, 1, 0, 138, 0, 0, 30, 96, 96, 96, 96, 96, 96, 96, 0, 0, 0, 0, 0, 38, 0, 0, 0, 0, 0, 335, 100, 100, 0, 0, 0, 0, 0, 0, 0, 0, 0.5, 3, 0, 0, 1000, 0, 0, 0, 100, 0, 0, 0, -1, 0, 0);
REPLACE INTO saylink (`id`, `phrase`) VALUES (32808, "#devtools enable");
REPLACE INTO saylink (`id`, `phrase`) VALUES (32809, "#devtools disable");
REPLACE INTO saylink (`id`, `phrase`) VALUES (32810, "#devtools");
REPLACE INTO saylink (`id`, `phrase`) VALUES (32811, "#help");
REPLACE INTO saylink (`id`, `phrase`) VALUES (32812, "#advnpc");
REPLACE INTO saylink (`id`, `phrase`) VALUES (32813, "#advnpcspawn");
REPLACE INTO saylink (`id`, `phrase`) VALUES (32814, "#aggro");
REPLACE INTO saylink (`id`, `phrase`) VALUES (32815, "#aggrozone");
REPLACE INTO saylink (`id`, `phrase`) VALUES (32816, "#ai");
REPLACE INTO saylink (`id`, `phrase`) VALUES (32817, "#altactivate");
REPLACE INTO saylink (`id`, `phrase`) VALUES (32818, "#appearance");
REPLACE INTO saylink (`id`, `phrase`) VALUES (32819, "#attack");
REPLACE INTO saylink (`id`, `phrase`) VALUES (32820, "#attackentity");
REPLACE INTO saylink (`id`, `phrase`) VALUES (32821, "#ban");
REPLACE INTO saylink (`id`, `phrase`) VALUES (32822, "#beard");
REPLACE INTO saylink (`id`, `phrase`) VALUES (32823, "#beardcolor");
REPLACE INTO saylink (`id`, `phrase`) VALUES (32824, "#bestz");
REPLACE INTO saylink (`id`, `phrase`) VALUES (32825, "#bind");
REPLACE INTO saylink (`id`, `phrase`) VALUES (32826, "#boatinfo");
REPLACE INTO saylink (`id`, `phrase`) VALUES (32827, "#bug");
REPLACE INTO saylink (`id`, `phrase`) VALUES (32828, "#cast");
REPLACE INTO saylink (`id`, `phrase`) VALUES (32829, "#castspell");
REPLACE INTO saylink (`id`, `phrase`) VALUES (32830, "#chat");
REPLACE INTO saylink (`id`, `phrase`) VALUES (32831, "#chattest");
REPLACE INTO saylink (`id`, `phrase`) VALUES (32832, "#checklos");
REPLACE INTO saylink (`id`, `phrase`) VALUES (32833, "#clearsaylink");
REPLACE INTO saylink (`id`, `phrase`) VALUES (32834, "#cleartimers");
REPLACE INTO saylink (`id`, `phrase`) VALUES (32835, "#close_shop");
REPLACE INTO saylink (`id`, `phrase`) VALUES (32836, "#connectworld");
REPLACE INTO saylink (`id`, `phrase`) VALUES (32837, "#connectworldserver");
REPLACE INTO saylink (`id`, `phrase`) VALUES (32838, "#coredump");
REPLACE INTO saylink (`id`, `phrase`) VALUES (32839, "#corpse");
REPLACE INTO saylink (`id`, `phrase`) VALUES (32840, "#crashtest");
REPLACE INTO saylink (`id`, `phrase`) VALUES (32841, "#cvs");
REPLACE INTO saylink (`id`, `phrase`) VALUES (32842, "#damage");
REPLACE INTO saylink (`id`, `phrase`) VALUES (32843, "#damagetotals");
REPLACE INTO saylink (`id`, `phrase`) VALUES (32844, "#date");
REPLACE INTO saylink (`id`, `phrase`) VALUES (32845, "#dbspawn");
REPLACE INTO saylink (`id`, `phrase`) VALUES (32846, "#dbspawn2");
REPLACE INTO saylink (`id`, `phrase`) VALUES (32847, "#delacct");
REPLACE INTO saylink (`id`, `phrase`) VALUES (32848, "#deletegraveyard");
REPLACE INTO saylink (`id`, `phrase`) VALUES (32849, "#depop");
REPLACE INTO saylink (`id`, `phrase`) VALUES (32850, "#depopzone");
REPLACE INTO saylink (`id`, `phrase`) VALUES (32851, "#disablerecipe");
REPLACE INTO saylink (`id`, `phrase`) VALUES (32852, "#distance");
REPLACE INTO saylink (`id`, `phrase`) VALUES (32853, "#doanim");
REPLACE INTO saylink (`id`, `phrase`) VALUES (32854, "#emote");
REPLACE INTO saylink (`id`, `phrase`) VALUES (32855, "#emoteview");
REPLACE INTO saylink (`id`, `phrase`) VALUES (32856, "#enablerecipe");
REPLACE INTO saylink (`id`, `phrase`) VALUES (32857, "#equipitem");
REPLACE INTO saylink (`id`, `phrase`) VALUES (32858, "#expansion");
REPLACE INTO saylink (`id`, `phrase`) VALUES (32859, "#face");
REPLACE INTO saylink (`id`, `phrase`) VALUES (32860, "#fi");
REPLACE INTO saylink (`id`, `phrase`) VALUES (32861, "#fillbuffs");
REPLACE INTO saylink (`id`, `phrase`) VALUES (32862, "#find");
REPLACE INTO saylink (`id`, `phrase`) VALUES (32863, "#findbodytype");
REPLACE INTO saylink (`id`, `phrase`) VALUES (32864, "#findcharacter");
REPLACE INTO saylink (`id`, `phrase`) VALUES (32865, "#findclass");
REPLACE INTO saylink (`id`, `phrase`) VALUES (32866, "#finddeity");
REPLACE INTO saylink (`id`, `phrase`) VALUES (32867, "#findemote");
REPLACE INTO saylink (`id`, `phrase`) VALUES (32868, "#findfaction");
REPLACE INTO saylink (`id`, `phrase`) VALUES (32869, "#findlanguage");
REPLACE INTO saylink (`id`, `phrase`) VALUES (32870, "#findnpc");
REPLACE INTO saylink (`id`, `phrase`) VALUES (32871, "#findnpctype");
REPLACE INTO saylink (`id`, `phrase`) VALUES (32872, "#findrace");
REPLACE INTO saylink (`id`, `phrase`) VALUES (32873, "#findskill");
REPLACE INTO saylink (`id`, `phrase`) VALUES (32874, "#findspecialability");
REPLACE INTO saylink (`id`, `phrase`) VALUES (32875, "#findspell");
REPLACE INTO saylink (`id`, `phrase`) VALUES (32876, "#fixmob");
REPLACE INTO saylink (`id`, `phrase`) VALUES (32877, "#flag");
REPLACE INTO saylink (`id`, `phrase`) VALUES (32878, "#flagedit");
REPLACE INTO saylink (`id`, `phrase`) VALUES (32879, "#flags");
REPLACE INTO saylink (`id`, `phrase`) VALUES (32880, "#fleeinfo");
REPLACE INTO saylink (`id`, `phrase`) VALUES (32881, "#flymode");
REPLACE INTO saylink (`id`, `phrase`) VALUES (32882, "#fn");
REPLACE INTO saylink (`id`, `phrase`) VALUES (32883, "#fov");
REPLACE INTO saylink (`id`, `phrase`) VALUES (32884, "#freeze");
REPLACE INTO saylink (`id`, `phrase`) VALUES (32885, "#fs");
REPLACE INTO saylink (`id`, `phrase`) VALUES (32886, "#fz");
REPLACE INTO saylink (`id`, `phrase`) VALUES (32887, "#gender");
REPLACE INTO saylink (`id`, `phrase`) VALUES (32888, "#getvariable");
REPLACE INTO saylink (`id`, `phrase`) VALUES (32889, "#gi");
REPLACE INTO saylink (`id`, `phrase`) VALUES (32890, "#ginfo");
REPLACE INTO saylink (`id`, `phrase`) VALUES (32891, "#giveitem");
REPLACE INTO saylink (`id`, `phrase`) VALUES (32892, "#givemoney");
REPLACE INTO saylink (`id`, `phrase`) VALUES (32893, "#giveplayerfaction");
REPLACE INTO saylink (`id`, `phrase`) VALUES (32894, "#globalview");
REPLACE INTO saylink (`id`, `phrase`) VALUES (32895, "#gm");
REPLACE INTO saylink (`id`, `phrase`) VALUES (32896, "#gmdamage");
REPLACE INTO saylink (`id`, `phrase`) VALUES (32897, "#gmspeed");
REPLACE INTO saylink (`id`, `phrase`) VALUES (32898, "#godmode");
REPLACE INTO saylink (`id`, `phrase`) VALUES (32899, "#goto");
REPLACE INTO saylink (`id`, `phrase`) VALUES (32900, "#grid");
REPLACE INTO saylink (`id`, `phrase`) VALUES (32901, "#guild");
REPLACE INTO saylink (`id`, `phrase`) VALUES (32902, "#guildapprove");
REPLACE INTO saylink (`id`, `phrase`) VALUES (32903, "#guildcreate");
REPLACE INTO saylink (`id`, `phrase`) VALUES (32904, "#guildlist");
REPLACE INTO saylink (`id`, `phrase`) VALUES (32905, "#guilds");
REPLACE INTO saylink (`id`, `phrase`) VALUES (32906, "#hair");
REPLACE INTO saylink (`id`, `phrase`) VALUES (32907, "#haircolor");
REPLACE INTO saylink (`id`, `phrase`) VALUES (32908, "#haste");
REPLACE INTO saylink (`id`, `phrase`) VALUES (32909, "#hatelist");
REPLACE INTO saylink (`id`, `phrase`) VALUES (32910, "#heal");
REPLACE INTO saylink (`id`, `phrase`) VALUES (32911, "#helm");
REPLACE INTO saylink (`id`, `phrase`) VALUES (32912, "#hideme");
REPLACE INTO saylink (`id`, `phrase`) VALUES (32913, "#interrogateinv");
REPLACE INTO saylink (`id`, `phrase`) VALUES (32914, "#interrupt");
REPLACE INTO saylink (`id`, `phrase`) VALUES (32915, "#invul");
REPLACE INTO saylink (`id`, `phrase`) VALUES (32916, "#invulnerable");
REPLACE INTO saylink (`id`, `phrase`) VALUES (32917, "#ipban");
REPLACE INTO saylink (`id`, `phrase`) VALUES (32918, "#iplookup");
REPLACE INTO saylink (`id`, `phrase`) VALUES (32919, "#iteminfo");
REPLACE INTO saylink (`id`, `phrase`) VALUES (32920, "#itemsearch");
REPLACE INTO saylink (`id`, `phrase`) VALUES (32921, "#keyring");
REPLACE INTO saylink (`id`, `phrase`) VALUES (32922, "#kick");
REPLACE INTO saylink (`id`, `phrase`) VALUES (32923, "#kill");
REPLACE INTO saylink (`id`, `phrase`) VALUES (32924, "#lastname");
REPLACE INTO saylink (`id`, `phrase`) VALUES (32925, "#level");
REPLACE INTO saylink (`id`, `phrase`) VALUES (32926, "#list");
REPLACE INTO saylink (`id`, `phrase`) VALUES (32927, "#listnpcs");
REPLACE INTO saylink (`id`, `phrase`) VALUES (32928, "#loc");
REPLACE INTO saylink (`id`, `phrase`) VALUES (32929, "#lock");
REPLACE INTO saylink (`id`, `phrase`) VALUES (32930, "#makepet");
REPLACE INTO saylink (`id`, `phrase`) VALUES (32931, "#mana");
REPLACE INTO saylink (`id`, `phrase`) VALUES (32932, "#manaburn");
REPLACE INTO saylink (`id`, `phrase`) VALUES (32933, "#manastat");
REPLACE INTO saylink (`id`, `phrase`) VALUES (32934, "#maxskills");
REPLACE INTO saylink (`id`, `phrase`) VALUES (32935, "#memspell");
REPLACE INTO saylink (`id`, `phrase`) VALUES (32936, "#merchant_close_shop");
REPLACE INTO saylink (`id`, `phrase`) VALUES (32937, "#merchant_open_shop");
REPLACE INTO saylink (`id`, `phrase`) VALUES (32938, "#modifynpcstat");
REPLACE INTO saylink (`id`, `phrase`) VALUES (32939, "#motd");
REPLACE INTO saylink (`id`, `phrase`) VALUES (32940, "#movechar");
REPLACE INTO saylink (`id`, `phrase`) VALUES (32941, "#mystats");
REPLACE INTO saylink (`id`, `phrase`) VALUES (32942, "#name");
REPLACE INTO saylink (`id`, `phrase`) VALUES (32943, "#netstats");
REPLACE INTO saylink (`id`, `phrase`) VALUES (32944, "#npccast");
REPLACE INTO saylink (`id`, `phrase`) VALUES (32945, "#npcedit");
REPLACE INTO saylink (`id`, `phrase`) VALUES (32946, "#npcemote");
REPLACE INTO saylink (`id`, `phrase`) VALUES (32947, "#npcloot");
REPLACE INTO saylink (`id`, `phrase`) VALUES (32948, "#npcsay");
REPLACE INTO saylink (`id`, `phrase`) VALUES (32949, "#npcshout");
REPLACE INTO saylink (`id`, `phrase`) VALUES (32950, "#npcspawn");
REPLACE INTO saylink (`id`, `phrase`) VALUES (32951, "#npcstats");
REPLACE INTO saylink (`id`, `phrase`) VALUES (32952, "#npctypespawn");
REPLACE INTO saylink (`id`, `phrase`) VALUES (32953, "#nukebuffs");
REPLACE INTO saylink (`id`, `phrase`) VALUES (32954, "#nukeitem");
REPLACE INTO saylink (`id`, `phrase`) VALUES (32955, "#oocmute");
REPLACE INTO saylink (`id`, `phrase`) VALUES (32956, "#open_shop");
REPLACE INTO saylink (`id`, `phrase`) VALUES (32957, "#optest");
REPLACE INTO saylink (`id`, `phrase`) VALUES (32958, "#path");
REPLACE INTO saylink (`id`, `phrase`) VALUES (32959, "#peekinv");
REPLACE INTO saylink (`id`, `phrase`) VALUES (32960, "#permaclass");
REPLACE INTO saylink (`id`, `phrase`) VALUES (32961, "#permagender");
REPLACE INTO saylink (`id`, `phrase`) VALUES (32962, "#permarace");
REPLACE INTO saylink (`id`, `phrase`) VALUES (32963, "#petition");
REPLACE INTO saylink (`id`, `phrase`) VALUES (32964, "#pf");
REPLACE INTO saylink (`id`, `phrase`) VALUES (32965, "#playsound");
REPLACE INTO saylink (`id`, `phrase`) VALUES (32966, "#profanity");
REPLACE INTO saylink (`id`, `phrase`) VALUES (32967, "#pvp");
REPLACE INTO saylink (`id`, `phrase`) VALUES (32968, "#qtest");
REPLACE INTO saylink (`id`, `phrase`) VALUES (32969, "#questerrors");
REPLACE INTO saylink (`id`, `phrase`) VALUES (32970, "#race");
REPLACE INTO saylink (`id`, `phrase`) VALUES (32971, "#raidloot");
REPLACE INTO saylink (`id`, `phrase`) VALUES (32972, "#randomfeatures");
REPLACE INTO saylink (`id`, `phrase`) VALUES (32973, "#refreshgroup");
REPLACE INTO saylink (`id`, `phrase`) VALUES (32974, "#reload");
REPLACE INTO saylink (`id`, `phrase`) VALUES (32975, "#repop");
REPLACE INTO saylink (`id`, `phrase`) VALUES (32976, "#repopclose");
REPLACE INTO saylink (`id`, `phrase`) VALUES (32977, "#resetaa");
REPLACE INTO saylink (`id`, `phrase`) VALUES (32978, "#resetboat");
REPLACE INTO saylink (`id`, `phrase`) VALUES (32979, "#revoke");
REPLACE INTO saylink (`id`, `phrase`) VALUES (32980, "#rewind");
REPLACE INTO saylink (`id`, `phrase`) VALUES (32981, "#rl");
REPLACE INTO saylink (`id`, `phrase`) VALUES (32982, "#rq");
REPLACE INTO saylink (`id`, `phrase`) VALUES (32983, "#rules");
REPLACE INTO saylink (`id`, `phrase`) VALUES (32984, "#save");
REPLACE INTO saylink (`id`, `phrase`) VALUES (32985, "#scribespell");
REPLACE INTO saylink (`id`, `phrase`) VALUES (32986, "#scribespells");
REPLACE INTO saylink (`id`, `phrase`) VALUES (32987, "#sendop");
REPLACE INTO saylink (`id`, `phrase`) VALUES (32988, "#sendzonespawns");
REPLACE INTO saylink (`id`, `phrase`) VALUES (32989, "#serverlock");
REPLACE INTO saylink (`id`, `phrase`) VALUES (32990, "#serversidename");
REPLACE INTO saylink (`id`, `phrase`) VALUES (32991, "#serverunlock");
REPLACE INTO saylink (`id`, `phrase`) VALUES (32992, "#setaaexp");
REPLACE INTO saylink (`id`, `phrase`) VALUES (32993, "#setaapoints");
REPLACE INTO saylink (`id`, `phrase`) VALUES (32994, "#setaapts");
REPLACE INTO saylink (`id`, `phrase`) VALUES (32995, "#setaaxp");
REPLACE INTO saylink (`id`, `phrase`) VALUES (32996, "#setallskill");
REPLACE INTO saylink (`id`, `phrase`) VALUES (32997, "#setallskills");
REPLACE INTO saylink (`id`, `phrase`) VALUES (32998, "#setanim");
REPLACE INTO saylink (`id`, `phrase`) VALUES (32999, "#setanon");
REPLACE INTO saylink (`id`, `phrase`) VALUES (33000, "#setexp");
REPLACE INTO saylink (`id`, `phrase`) VALUES (33001, "#setfaction");
REPLACE INTO saylink (`id`, `phrase`) VALUES (33002, "#setgraveyard");
REPLACE INTO saylink (`id`, `phrase`) VALUES (33003, "#setgreed");
REPLACE INTO saylink (`id`, `phrase`) VALUES (33004, "#sethp");
REPLACE INTO saylink (`id`, `phrase`) VALUES (33005, "#setlanguage");
REPLACE INTO saylink (`id`, `phrase`) VALUES (33006, "#setlsinfo");
REPLACE INTO saylink (`id`, `phrase`) VALUES (33007, "#setmana");
REPLACE INTO saylink (`id`, `phrase`) VALUES (33008, "#setpass");
REPLACE INTO saylink (`id`, `phrase`) VALUES (33009, "#setskill");
REPLACE INTO saylink (`id`, `phrase`) VALUES (33010, "#setskillall");
REPLACE INTO saylink (`id`, `phrase`) VALUES (33011, "#setxp");
REPLACE INTO saylink (`id`, `phrase`) VALUES (33012, "#showbonusstats");
REPLACE INTO saylink (`id`, `phrase`) VALUES (33013, "#showbuffs");
REPLACE INTO saylink (`id`, `phrase`) VALUES (33014, "#showfilters");
REPLACE INTO saylink (`id`, `phrase`) VALUES (33015, "#showhelm");
REPLACE INTO saylink (`id`, `phrase`) VALUES (33016, "#shownpcgloballoot");
REPLACE INTO saylink (`id`, `phrase`) VALUES (33017, "#showpetspell");
REPLACE INTO saylink (`id`, `phrase`) VALUES (33018, "#showregen");
REPLACE INTO saylink (`id`, `phrase`) VALUES (33019, "#showskills");
REPLACE INTO saylink (`id`, `phrase`) VALUES (33020, "#showspellslist");
REPLACE INTO saylink (`id`, `phrase`) VALUES (33021, "#showstats");
REPLACE INTO saylink (`id`, `phrase`) VALUES (33022, "#showtraderitems");
REPLACE INTO saylink (`id`, `phrase`) VALUES (33023, "#shutdown");
REPLACE INTO saylink (`id`, `phrase`) VALUES (33024, "#si");
REPLACE INTO saylink (`id`, `phrase`) VALUES (33025, "#size");
REPLACE INTO saylink (`id`, `phrase`) VALUES (33026, "#skills");
REPLACE INTO saylink (`id`, `phrase`) VALUES (33027, "#spawn");
REPLACE INTO saylink (`id`, `phrase`) VALUES (33028, "#spawnfix");
REPLACE INTO saylink (`id`, `phrase`) VALUES (33029, "#spawnstatus");
REPLACE INTO saylink (`id`, `phrase`) VALUES (33030, "#spellinfo");
REPLACE INTO saylink (`id`, `phrase`) VALUES (33031, "#starve");
REPLACE INTO saylink (`id`, `phrase`) VALUES (33032, "#stun");
REPLACE INTO saylink (`id`, `phrase`) VALUES (33033, "#summon");
REPLACE INTO saylink (`id`, `phrase`) VALUES (33034, "#summonitem");
REPLACE INTO saylink (`id`, `phrase`) VALUES (33035, "#suspend");
REPLACE INTO saylink (`id`, `phrase`) VALUES (33036, "#synctod");
REPLACE INTO saylink (`id`, `phrase`) VALUES (33037, "#testspawn");
REPLACE INTO saylink (`id`, `phrase`) VALUES (33038, "#texture");
REPLACE INTO saylink (`id`, `phrase`) VALUES (33039, "#time");
REPLACE INTO saylink (`id`, `phrase`) VALUES (33040, "#timers");
REPLACE INTO saylink (`id`, `phrase`) VALUES (33041, "#timezone");
REPLACE INTO saylink (`id`, `phrase`) VALUES (33042, "#title");
REPLACE INTO saylink (`id`, `phrase`) VALUES (33043, "#titlesuffix");
REPLACE INTO saylink (`id`, `phrase`) VALUES (33044, "#trapinfo");
REPLACE INTO saylink (`id`, `phrase`) VALUES (33045, "#underworld");
REPLACE INTO saylink (`id`, `phrase`) VALUES (33046, "#unfreeze");
REPLACE INTO saylink (`id`, `phrase`) VALUES (33047, "#unlock");
REPLACE INTO saylink (`id`, `phrase`) VALUES (33048, "#unmemspell");
REPLACE INTO saylink (`id`, `phrase`) VALUES (33049, "#unmemspells");
REPLACE INTO saylink (`id`, `phrase`) VALUES (33050, "#unscribespell");
REPLACE INTO saylink (`id`, `phrase`) VALUES (33051, "#unscribespells");
REPLACE INTO saylink (`id`, `phrase`) VALUES (33052, "#uptime");
REPLACE INTO saylink (`id`, `phrase`) VALUES (33053, "#version");
REPLACE INTO saylink (`id`, `phrase`) VALUES (33054, "#viewnpctype");
REPLACE INTO saylink (`id`, `phrase`) VALUES (33055, "#viewplayerfaction");
REPLACE INTO saylink (`id`, `phrase`) VALUES (33056, "#viewzoneloot");
REPLACE INTO saylink (`id`, `phrase`) VALUES (33057, "#wc");
REPLACE INTO saylink (`id`, `phrase`) VALUES (33058, "#weather");
REPLACE INTO saylink (`id`, `phrase`) VALUES (33059, "#worldshutdown");
REPLACE INTO saylink (`id`, `phrase`) VALUES (33060, "#wp");
REPLACE INTO saylink (`id`, `phrase`) VALUES (33061, "#wpadd");
REPLACE INTO saylink (`id`, `phrase`) VALUES (33062, "#wpinfo");
REPLACE INTO saylink (`id`, `phrase`) VALUES (33063, "#xpinfo");
REPLACE INTO saylink (`id`, `phrase`) VALUES (33064, "#zclip");
REPLACE INTO saylink (`id`, `phrase`) VALUES (33065, "#zcolor");
REPLACE INTO saylink (`id`, `phrase`) VALUES (33066, "#zheader");
REPLACE INTO saylink (`id`, `phrase`) VALUES (33067, "#zone");
REPLACE INTO saylink (`id`, `phrase`) VALUES (33068, "#zonebootup");
REPLACE INTO saylink (`id`, `phrase`) VALUES (33069, "#zonelock");
REPLACE INTO saylink (`id`, `phrase`) VALUES (33070, "#zoneshutdown");
REPLACE INTO saylink (`id`, `phrase`) VALUES (33071, "#zonestatus");
REPLACE INTO saylink (`id`, `phrase`) VALUES (33072, "#zsafecoords");
REPLACE INTO saylink (`id`, `phrase`) VALUES (33073, "#zsave");
REPLACE INTO saylink (`id`, `phrase`) VALUES (33074, "#zsky");
REPLACE INTO saylink (`id`, `phrase`) VALUES (33075, "#zstats");
REPLACE INTO saylink (`id`, `phrase`) VALUES (33076, "#zunderworld");
REPLACE INTO saylink (`id`, `phrase`) VALUES (33077, "#zuwcoords");
REPLACE INTO saylink (`id`, `phrase`) VALUES (33078, "#reload level_mods");
REPLACE INTO saylink (`id`, `phrase`) VALUES (33079, "#reload quest 1");
REPLACE INTO saylink (`id`, `phrase`) VALUES (33080, "#reload traps");
REPLACE INTO saylink (`id`, `phrase`) VALUES (33081, "#reload world 1");
REPLACE INTO saylink (`id`, `phrase`) VALUES (33082, "#reload world 2");
INSERT INTO spawnentry (`spawngroupID`, `npcID`, `chance`, `mintime`, `maxtime`, `min_expansion`, `max_expansion`, `content_flags`, `content_flags_disabled`) VALUES (56006, 56014, 100, 0, 0, -1, -1, "Classic_OldWorldDrops", NULL);
INSERT INTO spawnentry (`spawngroupID`, `npcID`, `chance`, `mintime`, `maxtime`, `min_expansion`, `max_expansion`, `content_flags`, `content_flags_disabled`) VALUES (56313, 56015, 99, 0, 0, -1, -1, "Classic_OldWorldDrops", NULL);
INSERT INTO spawnentry (`spawngroupID`, `npcID`, `chance`, `mintime`, `maxtime`, `min_expansion`, `max_expansion`, `content_flags`, `content_flags_disabled`) VALUES (448102, 48013, 100, 0, 0, 0, 0, "Classic_OldWorldDrops", NULL);
-- id(1) = 
UPDATE content_flags SET `enabled` = 0, `notes` = "if enabled:  Only Equestrielle the Corrupted will spawn.
if disabled:  Only Equestrielle will spawn.

June/July 2001 Lfay event replaced Equestrielle with Corrupted version" WHERE `id` = 1;
-- id(2) = 
UPDATE content_flags SET `enabled` = 0 WHERE `id` = 2;
-- id(3) = 
UPDATE content_flags SET `enabled` = 0 WHERE `id` = 3;
-- id(4) = 
UPDATE content_flags SET `enabled` = 1 WHERE `id` = 4;
-- id(5) = 
UPDATE content_flags SET `enabled` = 1 WHERE `id` = 5;
-- id(312) = Storm Guard
UPDATE faction_list SET `see_illusion` = 0 WHERE `id` = 312;
-- id(4) = gfaydark/a_large_widow
UPDATE grid SET `type` = 0 WHERE `zoneid` = 54 AND `id` = 4;
-- gridid(4) = gfaydark/1
UPDATE grid_entries SET `x` = 1119, `y` = 1738, `z` = -34 WHERE `zoneid` = 54 AND `gridid` = 4 AND `number` = 1;
-- gridid(4) = gfaydark/2
UPDATE grid_entries SET `x` = 1287, `y` = 1694, `z` = 1 WHERE `zoneid` = 54 AND `gridid` = 4 AND `number` = 2;
-- gridid(4) = gfaydark/3
UPDATE grid_entries SET `x` = 1510, `y` = 1637, `z` = 14 WHERE `zoneid` = 54 AND `gridid` = 4 AND `number` = 3;
-- gridid(4) = gfaydark/4
UPDATE grid_entries SET `x` = 1753, `y` = 1572, `z` = 1 WHERE `zoneid` = 54 AND `gridid` = 4 AND `number` = 4;
-- gridid(4) = gfaydark/5
UPDATE grid_entries SET `x` = 1997, `y` = 1505, `z` = 43 WHERE `zoneid` = 54 AND `gridid` = 4 AND `number` = 5;
-- gridid(4) = gfaydark/6
UPDATE grid_entries SET `x` = 2100, `y` = 1477, `z` = 26 WHERE `zoneid` = 54 AND `gridid` = 4 AND `number` = 6;
-- gridid(4) = gfaydark/7
UPDATE grid_entries SET `x` = 2015, `y` = 1368, `z` = 63 WHERE `zoneid` = 54 AND `gridid` = 4 AND `number` = 7;
-- gridid(4) = gfaydark/8
UPDATE grid_entries SET `x` = 1830, `y` = 1131, `z` = 20 WHERE `zoneid` = 54 AND `gridid` = 4 AND `number` = 8;
-- gridid(4) = gfaydark/9
UPDATE grid_entries SET `x` = 1649, `y` = 902, `z` = 14 WHERE `zoneid` = 54 AND `gridid` = 4 AND `number` = 9;
-- gridid(4) = gfaydark/10
UPDATE grid_entries SET `x` = 1400, `y` = 584, `z` = 1 WHERE `zoneid` = 54 AND `gridid` = 4 AND `number` = 10;
-- gridid(4) = gfaydark/11
UPDATE grid_entries SET `x` = 1266, `y` = 418, `z` = 65 WHERE `zoneid` = 54 AND `gridid` = 4 AND `number` = 11;
-- gridid(4) = gfaydark/12
UPDATE grid_entries SET `x` = 1138, `y` = 258, `z` = 33 WHERE `zoneid` = 54 AND `gridid` = 4 AND `number` = 12;
-- gridid(4) = gfaydark/13
UPDATE grid_entries SET `x` = 994, `y` = 78, `z` = 1 WHERE `zoneid` = 54 AND `gridid` = 4 AND `number` = 13;
-- id(7) = Ingot of the Penitent
UPDATE ground_spawns SET `content_flags_disabled` = "Classic_OldWorldDrops" WHERE `id` = 7;
-- id(8) = A Flower
UPDATE ground_spawns SET `content_flags_disabled` = "Classic_OldWorldDrops" WHERE `id` = 8;
-- id(9) = A Scepter
UPDATE ground_spawns SET `content_flags_disabled` = "Classic_OldWorldDrops" WHERE `id` = 9;
-- id(10) = A Rod
UPDATE ground_spawns SET `content_flags` = "OldPlane_Fear" WHERE `id` = 10;
-- id(13) = Large Muddy Sandals
UPDATE ground_spawns SET `min_expansion` = 1, `max_expansion` = 99 WHERE `id` = 13;
-- id(27) = The Oblong Bottle
UPDATE ground_spawns SET `content_flags_disabled` = "Classic_OldWorldDrops" WHERE `id` = 27;
-- id(28) = Gem Case
UPDATE ground_spawns SET `content_flags_disabled` = "Classic_OldWorldDrops" WHERE `id` = 28;
-- id(30) = An Old Silver Coin
UPDATE ground_spawns SET `content_flags_disabled` = "Classic_OldWorldDrops" WHERE `id` = 30;
-- id(31) = An Old Silver Coin
UPDATE ground_spawns SET `content_flags_disabled` = "Classic_OldWorldDrops" WHERE `id` = 31;
-- id(32) = An Old Silver Coin
UPDATE ground_spawns SET `content_flags_disabled` = "Classic_OldWorldDrops" WHERE `id` = 32;
-- id(33) = An Old Silver Coin
UPDATE ground_spawns SET `content_flags_disabled` = "Classic_OldWorldDrops" WHERE `id` = 33;
-- id(34) = An Old Silver Coin
UPDATE ground_spawns SET `content_flags_disabled` = "Classic_OldWorldDrops" WHERE `id` = 34;
-- id(35) = An Old Silver Coin
UPDATE ground_spawns SET `content_flags_disabled` = "Classic_OldWorldDrops" WHERE `id` = 35;
-- id(36) = An Old Silver Coin
UPDATE ground_spawns SET `content_flags_disabled` = "Classic_OldWorldDrops" WHERE `id` = 36;
-- id(37) = An Old Silver Coin
UPDATE ground_spawns SET `content_flags_disabled` = "Classic_OldWorldDrops" WHERE `id` = 37;
-- id(38) = An Old Silver Coin
UPDATE ground_spawns SET `content_flags_disabled` = "Classic_OldWorldDrops" WHERE `id` = 38;
-- id(39) = An Old Silver Coin
UPDATE ground_spawns SET `content_flags_disabled` = "Classic_OldWorldDrops" WHERE `id` = 39;
-- id(42) = A Rod
UPDATE ground_spawns SET `content_flags` = "OldPlane_Fear" WHERE `id` = 42;
-- id(43) = A Rod
UPDATE ground_spawns SET `content_flags` = "OldPlane_Fear" WHERE `id` = 43;
-- id(44) = A Rod
UPDATE ground_spawns SET `content_flags` = "OldPlane_Fear" WHERE `id` = 44;
-- id(45) = A Rod
UPDATE ground_spawns SET `content_flags` = "OldPlane_Fear" WHERE `id` = 45;
-- id(46) = A Rod
UPDATE ground_spawns SET `content_flags` = "OldPlane_Fear" WHERE `id` = 46;
-- id(47) = A Rod
UPDATE ground_spawns SET `content_flags` = "OldPlane_Fear" WHERE `id` = 47;
-- id(48) = A Rod
UPDATE ground_spawns SET `content_flags` = "OldPlane_Fear" WHERE `id` = 48;
-- id(49) = A Rod
UPDATE ground_spawns SET `content_flags` = "OldPlane_Fear" WHERE `id` = 49;
-- id(50) = A Rod
UPDATE ground_spawns SET `content_flags` = "OldPlane_Fear" WHERE `id` = 50;
-- id(107) = Book of Souls
UPDATE ground_spawns SET `min_expansion` = 1, `max_expansion` = 99 WHERE `id` = 107;
-- id(119) = Mandala sketch
UPDATE ground_spawns SET `min_expansion` = 2, `max_expansion` = 99 WHERE `id` = 119;
-- id(1227) = Icon of Sacrament
UPDATE ground_spawns SET `content_flags_disabled` = "Classic_OldWorldDrops" WHERE `id` = 1227;
-- id(99639) = 
UPDATE lootdrop SET `content_flags_disabled` = "Classic_OldWorldDrops" WHERE `id` = 99639;
-- id(99665) = 
UPDATE lootdrop SET `content_flags_disabled` = "Classic_OldWorldDrops" WHERE `id` = 99665;
-- id(100051) = 
UPDATE lootdrop SET `content_flags_disabled` = "Classic_OldWorldDrops" WHERE `id` = 100051;
-- id(102841) = 
UPDATE lootdrop SET `content_flags_disabled` = "Classic_OldWorldDrops" WHERE `id` = 102841;
-- id(102883) = 
UPDATE lootdrop SET `content_flags_disabled` = "Classic_OldWorldDrops" WHERE `id` = 102883;
-- id(103514) = 
UPDATE lootdrop SET `content_flags_disabled` = "Classic_OldWorldDrops" WHERE `id` = 103514;
-- id(103516) = 
UPDATE lootdrop SET `content_flags_disabled` = "Classic_OldWorldDrops" WHERE `id` = 103516;
-- id(103519) = 
UPDATE lootdrop SET `content_flags_disabled` = "Classic_OldWorldDrops" WHERE `id` = 103519;
-- id(103556) = 
UPDATE lootdrop SET `content_flags_disabled` = "Classic_OldWorldDrops" WHERE `id` = 103556;
-- id(103674) = 
UPDATE lootdrop SET `content_flags_disabled` = "Classic_OldWorldDrops" WHERE `id` = 103674;
-- id(103762) = 
UPDATE lootdrop SET `content_flags_disabled` = "Classic_OldWorldDrops" WHERE `id` = 103762;
-- id(103824) = 
UPDATE lootdrop SET `content_flags_disabled` = "Classic_OldWorldDrops" WHERE `id` = 103824;
-- id(103845) = 
UPDATE lootdrop SET `content_flags_disabled` = "Classic_OldWorldDrops" WHERE `id` = 103845;
-- id(104096) = 
UPDATE lootdrop SET `content_flags_disabled` = "Classic_OldWorldDrops" WHERE `id` = 104096;
-- id(104309) = 
UPDATE lootdrop SET `content_flags_disabled` = "Classic_OldWorldDrops" WHERE `id` = 104309;
-- id(104374) = 
UPDATE lootdrop SET `min_expansion` = -1, `max_expansion` = -1, `content_flags` = "OldPlane_Hate_Sky" WHERE `id` = 104374;
-- id(104382) = 
UPDATE lootdrop SET `content_flags` = "OldPlane_Hate_Sky" WHERE `id` = 104382;
-- id(104384) = 
UPDATE lootdrop SET `content_flags` = "OldPlane_Hate_Sky" WHERE `id` = 104384;
-- id(104389) = 
UPDATE lootdrop SET `content_flags` = "OldPlane_Hate_Sky" WHERE `id` = 104389;
-- id(104392) = 
UPDATE lootdrop SET `min_expansion` = -1, `max_expansion` = -1, `content_flags` = "OldPlane_Hate_Sky" WHERE `id` = 104392;
-- id(104970) = 
UPDATE lootdrop SET `content_flags_disabled` = "Classic_OldWorldDrops" WHERE `id` = 104970;
-- id(105101) = 
UPDATE lootdrop SET `content_flags_disabled` = "Classic_OldWorldDrops" WHERE `id` = 105101;
-- id(105946) = 
UPDATE lootdrop SET `content_flags_disabled` = "Classic_OldWorldDrops" WHERE `id` = 105946;
-- id(105949) = 
UPDATE lootdrop SET `content_flags_disabled` = "Classic_OldWorldDrops" WHERE `id` = 105949;
-- id(106135) = 
UPDATE lootdrop SET `content_flags_disabled` = "Classic_OldWorldDrops" WHERE `id` = 106135;
-- id(106167) = 
UPDATE lootdrop SET `content_flags_disabled` = "Classic_OldWorldDrops" WHERE `id` = 106167;
-- id(106460) = 
UPDATE lootdrop SET `content_flags_disabled` = "Classic_OldWorldDrops" WHERE `id` = 106460;
-- id(106751) = 
UPDATE lootdrop SET `content_flags_disabled` = "Classic_OldWorldDrops" WHERE `id` = 106751;
-- id(106821) = 
UPDATE lootdrop SET `content_flags_disabled` = "Classic_OldWorldDrops" WHERE `id` = 106821;
-- id(107071) = 
UPDATE lootdrop SET `content_flags` = "OldPlane_Hate_Sky" WHERE `id` = 107071;
-- id(107184) = 
UPDATE lootdrop SET `content_flags_disabled` = "Classic_OldWorldDrops" WHERE `id` = 107184;
-- id(107730) = 
UPDATE lootdrop SET `content_flags_disabled` = "Classic_OldWorldDrops" WHERE `id` = 107730;
-- id(107732) = 
UPDATE lootdrop SET `content_flags_disabled` = "Classic_OldWorldDrops" WHERE `id` = 107732;
-- id(113008) = 
UPDATE lootdrop SET `content_flags_disabled` = "Classic_OldWorldDrops" WHERE `id` = 113008;
-- id(116054) = 
UPDATE lootdrop SET `content_flags_disabled` = "Classic_OldWorldDrops" WHERE `id` = 116054;
-- lootdrop_id(369) = Woven Shadow Bracer
UPDATE lootdrop_entries SET `content_flags` = "OldPlane_Hate_Sky" WHERE `lootdrop_id` = 369 AND `item_id` = 4904;
-- lootdrop_id(369) = Indicolite Gauntlets
UPDATE lootdrop_entries SET `content_flags` = "OldPlane_Hate_Sky" WHERE `lootdrop_id` = 369 AND `item_id` = 4915;
-- lootdrop_id(6627) = Book of Darkness
UPDATE lootdrop_entries SET `content_flags_disabled` = "Classic_OldWorldDrops" WHERE `lootdrop_id` = 6627 AND `item_id` = 10536;
-- lootdrop_id(90072) = Shield of Prexus
UPDATE lootdrop_entries SET `chance` = 25 WHERE `lootdrop_id` = 90072 AND `item_id` = 9315;
-- lootdrop_id(90072) = Rod of Health
UPDATE lootdrop_entries SET `chance` = 75 WHERE `lootdrop_id` = 90072 AND `item_id` = 10378;
-- lootdrop_id(93570) = Lambent Stone
UPDATE lootdrop_entries SET `content_flags_disabled` = "Classic_OldWorldDrops" WHERE `lootdrop_id` = 93570 AND `item_id` = 10000;
-- lootdrop_id(93783) = Lambent Stone
UPDATE lootdrop_entries SET `content_flags_disabled` = "Classic_OldWorldDrops" WHERE `lootdrop_id` = 93783 AND `item_id` = 10000;
-- lootdrop_id(99981) = Glowing Mask
UPDATE lootdrop_entries SET `content_flags_disabled` = "Classic_OldWorldDrops" WHERE `lootdrop_id` = 99981 AND `item_id` = 2352;
-- lootdrop_id(102873) = Lambent Stone
UPDATE lootdrop_entries SET `content_flags_disabled` = "Classic_OldWorldDrops" WHERE `lootdrop_id` = 102873 AND `item_id` = 10000;
-- lootdrop_id(102875) = Lambent Stone
UPDATE lootdrop_entries SET `content_flags_disabled` = "Classic_OldWorldDrops" WHERE `lootdrop_id` = 102875 AND `item_id` = 10000;
-- lootdrop_id(102966) = Lambent Stone
UPDATE lootdrop_entries SET `content_flags_disabled` = "Classic_OldWorldDrops" WHERE `lootdrop_id` = 102966 AND `item_id` = 10000;
-- lootdrop_id(103023) = Lambent Stone
UPDATE lootdrop_entries SET `content_flags_disabled` = "Classic_OldWorldDrops" WHERE `lootdrop_id` = 103023 AND `item_id` = 10000;
-- lootdrop_id(103061) = Lambent Stone
UPDATE lootdrop_entries SET `content_flags_disabled` = "Classic_OldWorldDrops" WHERE `lootdrop_id` = 103061 AND `item_id` = 10000;
-- lootdrop_id(103478) = Rune of Ivy
UPDATE lootdrop_entries SET `content_flags_disabled` = "Classic_OldWorldDrops" WHERE `lootdrop_id` = 103478 AND `item_id` = 10566;
-- lootdrop_id(103485) = Mistmoore Granite
UPDATE lootdrop_entries SET `content_flags_disabled` = "Classic_OldWorldDrops" WHERE `lootdrop_id` = 103485 AND `item_id` = 12306;
-- lootdrop_id(103646) = Pouch of Silver Dust
UPDATE lootdrop_entries SET `content_flags_disabled` = "Classic_OldWorldDrops" WHERE `lootdrop_id` = 103646 AND `item_id` = 12240;
-- lootdrop_id(103648) = Globe of Mist
UPDATE lootdrop_entries SET `content_flags_disabled` = "Classic_OldWorldDrops" WHERE `lootdrop_id` = 103648 AND `item_id` = 10545;
-- lootdrop_id(103681) = A fungus eye
UPDATE lootdrop_entries SET `content_flags_disabled` = "Classic_OldWorldDrops" WHERE `lootdrop_id` = 103681 AND `item_id` = 10538;
-- lootdrop_id(103877) = Lambent Stone
UPDATE lootdrop_entries SET `content_flags_disabled` = "Classic_OldWorldDrops" WHERE `lootdrop_id` = 103877 AND `item_id` = 10000;
-- lootdrop_id(103882) = Water Ring
UPDATE lootdrop_entries SET `equip_item` = 0, `content_flags_disabled` = "Classic_OldWorldDrops" WHERE `lootdrop_id` = 103882 AND `item_id` = 10546;
-- lootdrop_id(103902) = Fire Goblin Skin
UPDATE lootdrop_entries SET `content_flags_disabled` = "Classic_OldWorldDrops" WHERE `lootdrop_id` = 103902 AND `item_id` = 2361;
-- lootdrop_id(103934) = Heart of Fire
UPDATE lootdrop_entries SET `content_flags_disabled` = "Classic_OldWorldDrops" WHERE `lootdrop_id` = 103934 AND `item_id` = 10548;
-- lootdrop_id(103944) = Fire Goblin Skin
UPDATE lootdrop_entries SET `content_flags_disabled` = "Classic_OldWorldDrops" WHERE `lootdrop_id` = 103944 AND `item_id` = 2361;
-- lootdrop_id(104086) = Lambent Stone
UPDATE lootdrop_entries SET `content_flags_disabled` = "Classic_OldWorldDrops" WHERE `lootdrop_id` = 104086 AND `item_id` = 10000;
-- lootdrop_id(104366) = Flayed Turmoilskin Belt
UPDATE lootdrop_entries SET `content_flags` = "OldPlane_Hate_Sky" WHERE `lootdrop_id` = 104366 AND `item_id` = 2502;
-- lootdrop_id(104376) = Fluxbladed Axe
UPDATE lootdrop_entries SET `content_flags` = "OldPlane_Hate_Sky" WHERE `lootdrop_id` = 104376 AND `item_id` = 5523;
-- lootdrop_id(104889) = Frost Goblin Skin
UPDATE lootdrop_entries SET `content_flags_disabled` = "Classic_OldWorldDrops" WHERE `lootdrop_id` = 104889 AND `item_id` = 2362;
-- lootdrop_id(104897) = Heart of Frost
UPDATE lootdrop_entries SET `content_flags_disabled` = "Classic_OldWorldDrops" WHERE `lootdrop_id` = 104897 AND `item_id` = 10549;
-- lootdrop_id(104961) = Melatite
UPDATE lootdrop_entries SET `content_flags_disabled` = "Classic_OldWorldDrops" WHERE `lootdrop_id` = 104961 AND `item_id` = 12297;
-- lootdrop_id(104995) = Rune of Ivy
UPDATE lootdrop_entries SET `content_flags_disabled` = "Classic_OldWorldDrops" WHERE `lootdrop_id` = 104995 AND `item_id` = 10569;
-- lootdrop_id(105053) = Rune of Scale
UPDATE lootdrop_entries SET `content_flags_disabled` = "Classic_OldWorldDrops" WHERE `lootdrop_id` = 105053 AND `item_id` = 10555;
-- lootdrop_id(105117) = A Nightfall Giant's Head
UPDATE lootdrop_entries SET `content_flags_disabled` = "Classic_OldWorldDrops" WHERE `lootdrop_id` = 105117 AND `item_id` = 12313;
-- lootdrop_id(105143) = Book of Frost
UPDATE lootdrop_entries SET `content_flags_disabled` = "Classic_OldWorldDrops" WHERE `lootdrop_id` = 105143 AND `item_id` = 10537;
-- lootdrop_id(105483) = Darkbone Skull
UPDATE lootdrop_entries SET `content_flags_disabled` = "Classic_OldWorldDrops" WHERE `lootdrop_id` = 105483 AND `item_id` = 10558;
-- lootdrop_id(105876) = Frost Goblin Skin
UPDATE lootdrop_entries SET `content_flags_disabled` = "Classic_OldWorldDrops" WHERE `lootdrop_id` = 105876 AND `item_id` = 2362;
-- lootdrop_id(106559) = Lambent Stone
UPDATE lootdrop_entries SET `content_flags_disabled` = "Classic_OldWorldDrops" WHERE `lootdrop_id` = 106559 AND `item_id` = 10000;
-- lootdrop_id(106559) = Hill Giant Toes
UPDATE lootdrop_entries SET `multiplier` = 1 WHERE `lootdrop_id` = 106559 AND `item_id` = 16539;
-- lootdrop_id(106859) = Heart of Stone
UPDATE lootdrop_entries SET `content_flags_disabled` = "Classic_OldWorldDrops" WHERE `lootdrop_id` = 106859 AND `item_id` = 10544;
-- lootdrop_id(106859) = Rod of Bone
UPDATE lootdrop_entries SET `content_flags_disabled` = "Classic_OldWorldDrops" WHERE `lootdrop_id` = 106859 AND `item_id` = 10550;
-- lootdrop_id(107184) = Twice-Woven Cloak
UPDATE lootdrop_entries SET `equip_item` = 0 WHERE `lootdrop_id` = 107184 AND `item_id` = 2360;
-- lootdrop_id(110846) = Crystalline Robes
UPDATE lootdrop_entries SET `chance` = 50 WHERE `lootdrop_id` = 110846 AND `item_id` = 25602;
-- lootdrop_id(110846) = Messenger of the Queen
UPDATE lootdrop_entries SET `chance` = 50 WHERE `lootdrop_id` = 110846 AND `item_id` = 25604;
-- lootdrop_id(110911) = Crystallized Sword
UPDATE lootdrop_entries SET `chance` = 7.5 WHERE `lootdrop_id` = 110911 AND `item_id` = 25646;
-- lootdrop_id(110912) = Crystal Webshield
UPDATE lootdrop_entries SET `chance` = 40 WHERE `lootdrop_id` = 110912 AND `item_id` = 25607;
-- lootdrop_id(110912) = Crystallized Blade
UPDATE lootdrop_entries SET `chance` = 60 WHERE `lootdrop_id` = 110912 AND `item_id` = 25696;
-- lootdrop_id(110918) = Spider Fang Choker
UPDATE lootdrop_entries SET `chance` = 60 WHERE `lootdrop_id` = 110918 AND `item_id` = 25609;
-- lootdrop_id(115863) = A Broom
UPDATE lootdrop_entries SET `content_flags_disabled` = "Classic_OldWorldDrops" WHERE `lootdrop_id` = 115863 AND `item_id` = 16544;
-- lootdrop_id(115863) = A Shovel
UPDATE lootdrop_entries SET `content_flags_disabled` = "Classic_OldWorldDrops" WHERE `lootdrop_id` = 115863 AND `item_id` = 16545;
-- lootdrop_id(115863) = A Torch
UPDATE lootdrop_entries SET `content_flags_disabled` = "Classic_OldWorldDrops" WHERE `lootdrop_id` = 115863 AND `item_id` = 16546;
-- lootdrop_id(115863) = A Stein
UPDATE lootdrop_entries SET `content_flags_disabled` = "Classic_OldWorldDrops" WHERE `lootdrop_id` = 115863 AND `item_id` = 16547;
-- lootdrop_id(116151) = Oaken Scimitar
UPDATE lootdrop_entries SET `chance` = 25 WHERE `lootdrop_id` = 116151 AND `item_id` = 5406;
-- lootdrop_id(116260) = Silver Wand
UPDATE lootdrop_entries SET `content_flags_disabled` = "Classic_OldWorldDrops" WHERE `lootdrop_id` = 116260 AND `item_id` = 6338;
-- id(13355) = 
UPDATE loottable SET `mincash` = 1000, `maxcash` = 12500 WHERE `id` = 13355;
-- id(94388) = 
UPDATE loottable SET `mincash` = 100, `maxcash` = 10500 WHERE `id` = 94388;
-- id(94481) = 
UPDATE loottable SET `mincash` = 1000, `maxcash` = 12500 WHERE `id` = 94481;
-- id(94482) = 
UPDATE loottable SET `mincash` = 750, `maxcash` = 11500 WHERE `id` = 94482;
-- id(94496) = 
UPDATE loottable SET `mincash` = 100, `maxcash` = 10000 WHERE `id` = 94496;
-- id(94497) = 
UPDATE loottable SET `mincash` = 700, `maxcash` = 10500 WHERE `id` = 94497;
-- id(94498) = 
UPDATE loottable SET `mincash` = 100, `maxcash` = 10500 WHERE `id` = 94498;
-- id(94499) = 
UPDATE loottable SET `mincash` = 100, `maxcash` = 10000 WHERE `id` = 94499;
-- id(94500) = 
UPDATE loottable SET `mincash` = 100, `maxcash` = 10000 WHERE `id` = 94500;
-- id(94509) = 
UPDATE loottable SET `mincash` = 100, `maxcash` = 10500 WHERE `id` = 94509;
-- id(94510) = 
UPDATE loottable SET `mincash` = 100, `maxcash` = 10500 WHERE `id` = 94510;
-- id(94511) = 
UPDATE loottable SET `mincash` = 100, `maxcash` = 10500 WHERE `id` = 94511;
-- loottable_id(92913) = Array
UPDATE loottable_entries SET `droplimit` = 1, `mindrop` = 1 WHERE `loottable_id` = 92913 AND `lootdrop_id` = 116151;
-- merchantid(23050) = 
UPDATE merchantlist SET `content_flags_disabled` = "Classic_OldWorldDrops" WHERE `merchantid` = 23050 AND `slot` = 16;
-- id(1156) = 1156
UPDATE npc_spells SET `attack_proc` = 1004 WHERE `id` = 1156;
-- id(1657) = 1657
UPDATE npc_spells SET `proc_chance` = 5 WHERE `id` = 1657;
-- id(635) = Mistwalker
UPDATE npc_types SET `level` = 49, `maxdmg` = 145 WHERE `id` = 635;
-- id(50004) = Quid_Rilstone
UPDATE npc_types SET `npc_faction_id` = 623 WHERE `id` = 50004;
-- id(50075) = Nicholas
UPDATE npc_types SET `npc_aggro` = 1 WHERE `id` = 50075;
-- id(50076) = Marianna
UPDATE npc_types SET `npc_aggro` = 1 WHERE `id` = 50076;
-- id(50232) = David
UPDATE npc_types SET `special_abilities` = "10,1^21,1", `npc_aggro` = 1 WHERE `id` = 50232;
-- id(50233) = Elisabeth
UPDATE npc_types SET `npc_aggro` = 1 WHERE `id` = 50233;
-- id(50234) = Nancine
UPDATE npc_types SET `npc_aggro` = 1 WHERE `id` = 50234;
-- id(50236) = Thomas
UPDATE npc_types SET `npc_aggro` = 1 WHERE `id` = 50236;
-- id(50237) = Abigail
UPDATE npc_types SET `npc_aggro` = 1 WHERE `id` = 50237;
-- id(50238) = Tomas
UPDATE npc_types SET `npc_aggro` = 1 WHERE `id` = 50238;
-- id(91002) = Guardian_of_Felia
UPDATE npc_types SET `npc_spells_id` = 1156 WHERE `id` = 91002;
-- id(121003) = #a_crystal_purifier
UPDATE npc_types SET `npc_spells_id` = 1657 WHERE `id` = 121003;
-- id(32770) = #set gm on
UPDATE saylink SET `phrase` = "#set gm on" WHERE `id` = 32770;
-- id(32771) = #set
UPDATE saylink SET `phrase` = "#set" WHERE `id` = 32771;
-- id(32772) = #show npc_stats 
UPDATE saylink SET `phrase` = "#show npc_stats " WHERE `id` = 32772;
-- id(32773) = #show
UPDATE saylink SET `phrase` = "#show" WHERE `id` = 32773;
-- id(32774) = #list corpses
UPDATE saylink SET `phrase` = "#list corpses" WHERE `id` = 32774;
-- id(32775) = #list doors
UPDATE saylink SET `phrase` = "#list doors" WHERE `id` = 32775;
-- id(32776) = #finditem
UPDATE saylink SET `phrase` = "#finditem" WHERE `id` = 32776;
-- id(32777) = #list npcs
UPDATE saylink SET `phrase` = "#list npcs" WHERE `id` = 32777;
-- id(32778) = #list objects
UPDATE saylink SET `phrase` = "#list objects" WHERE `id` = 32778;
-- id(32779) = #list players
UPDATE saylink SET `phrase` = "#list players" WHERE `id` = 32779;
-- id(32780) = #findzone
UPDATE saylink SET `phrase` = "#findzone" WHERE `id` = 32780;
-- id(32781) = #showzonepoints
UPDATE saylink SET `phrase` = "#showzonepoints" WHERE `id` = 32781;
-- id(32782) = #showzonegloballoot
UPDATE saylink SET `phrase` = "#showzonegloballoot" WHERE `id` = 32782;
-- id(32783) = #reload aa
UPDATE saylink SET `phrase` = "#reload aa" WHERE `id` = 32783;
-- id(32784) = #reload blocked_spells
UPDATE saylink SET `phrase` = "#reload blocked_spells" WHERE `id` = 32784;
-- id(32785) = #reload commands
UPDATE saylink SET `phrase` = "#reload commands" WHERE `id` = 32785;
-- id(32786) = #reload content_flags
UPDATE saylink SET `phrase` = "#reload content_flags" WHERE `id` = 32786;
-- id(32787) = #reload doors
UPDATE saylink SET `phrase` = "#reload doors" WHERE `id` = 32787;
-- id(32788) = #reload factions
UPDATE saylink SET `phrase` = "#reload factions" WHERE `id` = 32788;
-- id(32789) = #reload ground_spawns
UPDATE saylink SET `phrase` = "#reload ground_spawns" WHERE `id` = 32789;
-- id(32790) = #reload logs
UPDATE saylink SET `phrase` = "#reload logs" WHERE `id` = 32790;
-- id(32791) = #reload loot
UPDATE saylink SET `phrase` = "#reload loot" WHERE `id` = 32791;
-- id(32792) = #reload keyrings
UPDATE saylink SET `phrase` = "#reload keyrings" WHERE `id` = 32792;
-- id(32793) = #reload merchants
UPDATE saylink SET `phrase` = "#reload merchants" WHERE `id` = 32793;
-- id(32794) = #reload npc_emotes
UPDATE saylink SET `phrase` = "#reload npc_emotes" WHERE `id` = 32794;
-- id(32795) = #reload npc_spells
UPDATE saylink SET `phrase` = "#reload npc_spells" WHERE `id` = 32795;
-- id(32796) = #reload objects
UPDATE saylink SET `phrase` = "#reload objects" WHERE `id` = 32796;
-- id(32797) = #reload opcodes
UPDATE saylink SET `phrase` = "#reload opcodes" WHERE `id` = 32797;
-- id(32798) = #reload quest
UPDATE saylink SET `phrase` = "#reload quest" WHERE `id` = 32798;
-- id(32799) = #reload rules
UPDATE saylink SET `phrase` = "#reload rules" WHERE `id` = 32799;
-- id(32800) = #reload skill_caps
UPDATE saylink SET `phrase` = "#reload skill_caps" WHERE `id` = 32800;
-- id(32801) = #reload static
UPDATE saylink SET `phrase` = "#reload static" WHERE `id` = 32801;
-- id(32802) = #reload titles
UPDATE saylink SET `phrase` = "#reload titles" WHERE `id` = 32802;
-- id(32803) = #reload traps 1
UPDATE saylink SET `phrase` = "#reload traps 1" WHERE `id` = 32803;
-- id(32804) = #reload variables
UPDATE saylink SET `phrase` = "#reload variables" WHERE `id` = 32804;
-- id(32805) = #reload world
UPDATE saylink SET `phrase` = "#reload world" WHERE `id` = 32805;
-- id(32806) = #reload zone
UPDATE saylink SET `phrase` = "#reload zone" WHERE `id` = 32806;
-- id(32807) = #reload zone_points
UPDATE saylink SET `phrase` = "#reload zone_points" WHERE `id` = 32807;
-- id(325300) = Array
UPDATE spawn2 SET `content_flags` = "GoingPostal" WHERE `id` = 325300;
-- id(326471) = Array
UPDATE spawn2 SET `content_flags` = "OldPlane_Hate_Sky" WHERE `id` = 326471;
-- id(326607) = Array
UPDATE spawn2 SET `content_flags` = "GoingPostal" WHERE `id` = 326607;
-- id(327909) = Array
UPDATE spawn2 SET `content_flags_disabled` = "Classic_OldWorldDrops" WHERE `id` = 327909;
-- id(327910) = Array
UPDATE spawn2 SET `content_flags_disabled` = "Classic_OldWorldDrops" WHERE `id` = 327910;
-- id(327911) = Array
UPDATE spawn2 SET `content_flags_disabled` = "Classic_OldWorldDrops" WHERE `id` = 327911;
-- id(327912) = Array
UPDATE spawn2 SET `content_flags_disabled` = "Classic_OldWorldDrops" WHERE `id` = 327912;
-- id(330707) = Array
UPDATE spawn2 SET `content_flags` = "GoingPostal" WHERE `id` = 330707;
-- id(330794) = Array
UPDATE spawn2 SET `content_flags_disabled` = "Classic_OldWorldDrops" WHERE `id` = 330794;
-- id(330991) = Array
UPDATE spawn2 SET `content_flags` = "OldPlane_Fear" WHERE `id` = 330991;
-- id(331014) = Array
UPDATE spawn2 SET `content_flags_disabled` = "Classic_OldWorldDrops" WHERE `id` = 331014;
-- id(331493) = Array
UPDATE spawn2 SET `content_flags` = "GoingPostal" WHERE `id` = 331493;
-- id(331565) = Array
UPDATE spawn2 SET `content_flags` = "GoingPostal" WHERE `id` = 331565;
-- id(332476) = Array
UPDATE spawn2 SET `content_flags` = "OldPlane_Hate_Sky" WHERE `id` = 332476;
-- id(332585) = Array
UPDATE spawn2 SET `content_flags` = "GoingPostal" WHERE `id` = 332585;
-- id(332586) = Array
UPDATE spawn2 SET `content_flags` = "GoingPostal" WHERE `id` = 332586;
-- id(333738) = Array
UPDATE spawn2 SET `x` = 1119, `y` = 1738, `z` = -34, `respawntime` = 33, `variance` = 0 WHERE `id` = 333738;
-- id(333882) = Array
UPDATE spawn2 SET `content_flags` = "GoingPostal" WHERE `id` = 333882;
-- id(333892) = Array
UPDATE spawn2 SET `content_flags` = "GoingPostal" WHERE `id` = 333892;
-- id(333952) = Array
UPDATE spawn2 SET `content_flags_disabled` = "Classic_OldWorldDrops" WHERE `id` = 333952;
-- id(336153) = Array
UPDATE spawn2 SET `content_flags` = "GoingPostal" WHERE `id` = 336153;
-- id(336260) = Array
UPDATE spawn2 SET `content_flags` = "GoingPostal" WHERE `id` = 336260;
-- id(336329) = Array
UPDATE spawn2 SET `content_flags_disabled` = "Classic_OldWorldDrops" WHERE `id` = 336329;
-- id(337386) = Array
UPDATE spawn2 SET `content_flags_disabled` = "Classic_OldWorldDrops" WHERE `id` = 337386;
-- id(337387) = Array
UPDATE spawn2 SET `content_flags_disabled` = "Classic_OldWorldDrops" WHERE `id` = 337387;
-- id(337388) = Array
UPDATE spawn2 SET `content_flags_disabled` = "Classic_OldWorldDrops" WHERE `id` = 337388;
-- id(337389) = Array
UPDATE spawn2 SET `content_flags_disabled` = "Classic_OldWorldDrops" WHERE `id` = 337389;
-- id(337414) = Array
UPDATE spawn2 SET `content_flags` = "GoingPostal" WHERE `id` = 337414;
-- id(338220) = Array
UPDATE spawn2 SET `content_flags` = "GoingPostal" WHERE `id` = 338220;
-- id(339031) = Array
UPDATE spawn2 SET `content_flags_disabled` = "Classic_OldWorldDrops" WHERE `id` = 339031;
-- id(339035) = Array
UPDATE spawn2 SET `content_flags_disabled` = "Classic_OldWorldDrops" WHERE `id` = 339035;
-- id(339060) = Array
UPDATE spawn2 SET `content_flags_disabled` = "Classic_OldWorldDrops" WHERE `id` = 339060;
-- id(339063) = Array
UPDATE spawn2 SET `content_flags_disabled` = "Classic_OldWorldDrops" WHERE `id` = 339063;
-- id(339089) = Array
UPDATE spawn2 SET `content_flags_disabled` = "Classic_OldWorldDrops" WHERE `id` = 339089;
-- id(339159) = Array
UPDATE spawn2 SET `content_flags_disabled` = "Classic_OldWorldDrops" WHERE `id` = 339159;
-- id(339179) = Array
UPDATE spawn2 SET `content_flags_disabled` = "Classic_OldWorldDrops" WHERE `id` = 339179;
-- id(339192) = Array
UPDATE spawn2 SET `content_flags_disabled` = "Classic_OldWorldDrops" WHERE `id` = 339192;
-- id(340021) = Array
UPDATE spawn2 SET `content_flags_disabled` = "Classic_OldWorldDrops" WHERE `id` = 340021;
-- id(340037) = Array
UPDATE spawn2 SET `content_flags_disabled` = "Classic_OldWorldDrops" WHERE `id` = 340037;
-- id(340038) = Array
UPDATE spawn2 SET `content_flags_disabled` = "Classic_OldWorldDrops" WHERE `id` = 340038;
-- id(340039) = Array
UPDATE spawn2 SET `content_flags_disabled` = "Classic_OldWorldDrops" WHERE `id` = 340039;
-- id(340040) = Array
UPDATE spawn2 SET `content_flags_disabled` = "Classic_OldWorldDrops" WHERE `id` = 340040;
-- id(340041) = Array
UPDATE spawn2 SET `content_flags_disabled` = "Classic_OldWorldDrops" WHERE `id` = 340041;
-- id(340360) = Array
UPDATE spawn2 SET `content_flags_disabled` = "Classic_OldWorldDrops" WHERE `id` = 340360;
-- id(340364) = Array
UPDATE spawn2 SET `content_flags_disabled` = "Classic_OldWorldDrops" WHERE `id` = 340364;
-- id(340365) = Array
UPDATE spawn2 SET `content_flags_disabled` = "Classic_OldWorldDrops" WHERE `id` = 340365;
-- id(340366) = Array
UPDATE spawn2 SET `content_flags_disabled` = "Classic_OldWorldDrops" WHERE `id` = 340366;
-- id(340367) = Array
UPDATE spawn2 SET `content_flags_disabled` = "Classic_OldWorldDrops" WHERE `id` = 340367;
-- id(340441) = Array
UPDATE spawn2 SET `content_flags_disabled` = "Classic_OldWorldDrops" WHERE `id` = 340441;
-- id(340534) = Array
UPDATE spawn2 SET `content_flags_disabled` = "Classic_OldWorldDrops" WHERE `id` = 340534;
-- id(341086) = Array
UPDATE spawn2 SET `content_flags_disabled` = "Classic_OldWorldDrops" WHERE `id` = 341086;
-- id(342004) = Array
UPDATE spawn2 SET `content_flags_disabled` = "Classic_OldWorldDrops" WHERE `id` = 342004;
-- id(342005) = Array
UPDATE spawn2 SET `content_flags_disabled` = "Classic_OldWorldDrops" WHERE `id` = 342005;
-- id(342061) = Array
UPDATE spawn2 SET `content_flags_disabled` = "Classic_OldWorldDrops" WHERE `id` = 342061;
-- id(342079) = Array
UPDATE spawn2 SET `content_flags_disabled` = "Classic_OldWorldDrops" WHERE `id` = 342079;
-- id(342182) = Array
UPDATE spawn2 SET `content_flags` = "GoingPostal" WHERE `id` = 342182;
-- id(342239) = Array
UPDATE spawn2 SET `content_flags_disabled` = "Classic_OldWorldDrops" WHERE `id` = 342239;
-- id(342240) = Array
UPDATE spawn2 SET `content_flags_disabled` = "Classic_OldWorldDrops" WHERE `id` = 342240;
-- id(342241) = Array
UPDATE spawn2 SET `content_flags_disabled` = "Classic_OldWorldDrops" WHERE `id` = 342241;
-- id(343283) = Array
UPDATE spawn2 SET `content_flags_disabled` = "Classic_OldWorldDrops" WHERE `id` = 343283;
-- id(347836) = Array
UPDATE spawn2 SET `content_flags` = "GoingPostal" WHERE `id` = 347836;
-- id(347977) = Array
UPDATE spawn2 SET `content_flags` = "GoingPostal" WHERE `id` = 347977;
-- id(347978) = Array
UPDATE spawn2 SET `content_flags` = "GoingPostal" WHERE `id` = 347978;
-- id(347979) = Array
UPDATE spawn2 SET `content_flags` = "OldPlane_Hate_Sky" WHERE `id` = 347979;
-- id(348143) = Array
UPDATE spawn2 SET `content_flags` = "OldPlane_Hate_Sky" WHERE `id` = 348143;
-- id(348347) = Array
UPDATE spawn2 SET `content_flags` = "GoingPostal" WHERE `id` = 348347;
-- id(348502) = Array
UPDATE spawn2 SET `content_flags_disabled` = "Classic_OldWorldDrops" WHERE `id` = 348502;
-- id(348503) = Array
UPDATE spawn2 SET `content_flags_disabled` = "Classic_OldWorldDrops" WHERE `id` = 348503;
-- id(348506) = Array
UPDATE spawn2 SET `content_flags_disabled` = "Classic_OldWorldDrops" WHERE `id` = 348506;
-- id(348507) = Array
UPDATE spawn2 SET `content_flags_disabled` = "Classic_OldWorldDrops" WHERE `id` = 348507;
-- id(348508) = Array
UPDATE spawn2 SET `content_flags_disabled` = "Classic_OldWorldDrops" WHERE `id` = 348508;
-- id(348509) = Array
UPDATE spawn2 SET `content_flags_disabled` = "Classic_OldWorldDrops" WHERE `id` = 348509;
-- id(348527) = Array
UPDATE spawn2 SET `content_flags_disabled` = "Classic_OldWorldDrops" WHERE `id` = 348527;
-- id(348528) = Array
UPDATE spawn2 SET `content_flags_disabled` = "Classic_OldWorldDrops" WHERE `id` = 348528;
-- id(348559) = Array
UPDATE spawn2 SET `content_flags_disabled` = "Classic_OldWorldDrops" WHERE `id` = 348559;
-- id(348690) = Array
UPDATE spawn2 SET `content_flags` = "GoingPostal" WHERE `id` = 348690;
-- id(351795) = Array
UPDATE spawn2 SET `content_flags_disabled` = "Classic_OldWorldDrops" WHERE `id` = 351795;
-- id(351796) = Array
UPDATE spawn2 SET `content_flags_disabled` = "Classic_OldWorldDrops" WHERE `id` = 351796;
-- id(351797) = Array
UPDATE spawn2 SET `content_flags_disabled` = "Classic_OldWorldDrops" WHERE `id` = 351797;
-- id(351798) = Array
UPDATE spawn2 SET `content_flags_disabled` = "Classic_OldWorldDrops" WHERE `id` = 351798;
-- id(353244) = Array
UPDATE spawn2 SET `respawntime` = 1320 WHERE `id` = 353244;
-- id(367997) = Array
UPDATE spawn2 SET `content_flags_disabled` = "Classic_OldWorldDrops" WHERE `id` = 367997;
-- id(11448434) = Array
UPDATE spawn2 SET `content_flags_disabled` = "Classic_OldWorldDrops" WHERE `id` = 11448434;
-- id(11448435) = Array
UPDATE spawn2 SET `content_flags_disabled` = "Classic_OldWorldDrops" WHERE `id` = 11448435;
-- spawngroupID(13025) = GrimFeather
UPDATE spawnentry SET `content_flags_disabled` = "Classic_OldWorldDrops" WHERE `spawngroupID` = 13025 AND `npcID` = 13110;
-- spawngroupID(50288) = Maldyn_the_Unkempt
UPDATE spawnentry SET `content_flags_disabled` = "Classic_OldWorldDrops" WHERE `spawngroupID` = 50288 AND `npcID` = 50009;
-- spawngroupID(51010) = a_goblin_net_master
UPDATE spawnentry SET `content_flags_disabled` = "Classic_OldWorldDrops" WHERE `spawngroupID` = 51010 AND `npcID` = 51027;
-- spawngroupID(56006) = Meldrath_The_Malignant
UPDATE spawnentry SET `content_flags_disabled` = "Classic_OldWorldDrops" WHERE `spawngroupID` = 56006 AND `npcID` = 56006;
-- spawngroupID(56313) = Minotaur_Guard
UPDATE spawnentry SET `content_flags_disabled` = "Classic_OldWorldDrops" WHERE `spawngroupID` = 56313 AND `npcID` = 56313;
-- spawngroupID(57034) = ghoul_boss
UPDATE spawnentry SET `content_flags_disabled` = "Classic_OldWorldDrops" WHERE `spawngroupID` = 57034 AND `npcID` = 57107;
-- spawngroupID(69027) = a_goblin_headmaster
UPDATE spawnentry SET `content_flags_disabled` = "Classic_OldWorldDrops" WHERE `spawngroupID` = 69027 AND `npcID` = 69151;
-- spawngroupID(222200) = Tarskuk
UPDATE spawnentry SET `content_flags_disabled` = "Classic_OldWorldDrops" WHERE `spawngroupID` = 222200 AND `npcID` = 50007;
-- spawngroupID(222322) = Slaythe_the_Slayer
UPDATE spawnentry SET `content_flags_disabled` = "Classic_OldWorldDrops" WHERE `spawngroupID` = 222322 AND `npcID` = 66145;
-- spawngroupID(222383) = a_brownie_outcast
UPDATE spawnentry SET `content_flags_disabled` = "Classic_OldWorldDrops" WHERE `spawngroupID` = 222383 AND `npcID` = 57137;
-- spawngroupID(222844) = Ghoul_Messenger
UPDATE spawnentry SET `content_flags_disabled` = "Classic_OldWorldDrops" WHERE `spawngroupID` = 222844 AND `npcID` = 12003;
-- spawngroupID(224162) = Oculys_Ogrefiend
UPDATE spawnentry SET `min_expansion` = 1, `max_expansion` = 99 WHERE `spawngroupID` = 224162 AND `npcID` = 50014;
-- spawngroupID(224163) = Oculys_Ogrefiend
UPDATE spawnentry SET `min_expansion` = 1, `max_expansion` = 99 WHERE `spawngroupID` = 224163 AND `npcID` = 50014;
-- spawngroupID(448102) = a_silvered_guard
UPDATE spawnentry SET `content_flags_disabled` = "Classic_OldWorldDrops" WHERE `spawngroupID` = 448102 AND `npcID` = 48005;
-- id(2800) = 
UPDATE tradeskill_recipe SET `content_flags_disabled` = "Classic_OldWorldDrops" WHERE `id` = 2800;
-- id(2846) = 
UPDATE tradeskill_recipe SET `content_flags_disabled` = "Classic_OldWorldDrops" WHERE `id` = 2846;
-- id(9823) = 
UPDATE tradeskill_recipe SET `min_expansion` = 4, `max_expansion` = 99 WHERE `id` = 9823;
-- id(2305) = soltemple/lavastorm
UPDATE zone_points SET `content_flags_disabled` = "Classic_OldWorldDrops" WHERE `id` = 2305;
