/*!40101 SET @saved_cs_client     = @@character_set_client */;
/*!40101 SET character_set_client = utf8 */;
CREATE TABLE `command_settings` (
  `command` varchar(128) NOT NULL DEFAULT '',
  `access` int(11) NOT NULL DEFAULT 0,
  `aliases` varchar(256) NOT NULL DEFAULT '',
  PRIMARY KEY (`command`) USING BTREE,
  UNIQUE KEY `UK_command_settings_1` (`command`) USING BTREE
) ENGINE=InnoDB DEFAULT CHARSET=latin1 COLLATE=latin1_swedish_ci;
/*!40101 SET character_set_client = @saved_cs_client */;
INSERT INTO `command_settings` VALUES ('advnpcspawn',250,'advnpc'),('aggro',100,''),('aggrozone',200,''),('ai',250,''),('altactivate',100,''),('appearance',100,''),('apply_shared_memory',250,''),('attack',100,''),('attackentity',100,''),('ban',250,''),('beard',100,''),('beardcolor',100,''),('bestz',100,''),('betabuff',250,''),('bind',100,''),('boatinfo',100,''),('bug',250,''),('castspell',100,'cast'),('chat',100,''),('chattest',250,''),('checklos',100,'los'),('cleartimers',250,''),('connectworldserver',250,'connectworld'),('coredump',250,''),('corpse',100,''),('crashtest',250,''),('cvs',100,''),('d1',100,''),('damage',100,''),('damagetotals',100,''),('date',250,''),('dbspawn2',250,''),('delacct',250,''),('deletegraveyard',250,''),('depop',100,''),('depopzone',200,''),('disablerecipe',250,''),('distance',100,''),('doanim',100,''),('emote',100,''),('emotesearch',100,''),('emoteview',100,''),('enablerecipe',250,''),('equipitem',250,''),('expansion',250,''),('face',250,''),('falltest',250,''),('fillbuffs',250,''),('findaliases',0,''),('findnpctype',100,'fn'),('findspell',100,'fs|spfind'),('findzone',100,'fz'),('fixmob',250,''),('flag',250,''),('flagedit',100,''),('flags',100,''),('fleeinfo',100,''),('flymode',100,''),('fov',100,''),('freeze',100,''),('gassign',250,''),('gender',100,''),('getvariable',250,''),('ginfo',100,''),('giveitem',100,'gi'),('givemoney',100,''),('giveplayerfaction',100,''),('globalview',100,''),('gm',100,''),('gmdamage',200,''),('gmspeed',100,''),('godmode',250,''),('goto',100,''),('grid',250,''),('gridrecord',250,''),('guild',100,'guilds'),('guildapprove',250,''),('guildcreate',250,''),('guildlist',100,''),('hair',250,''),('haircolor',250,''),('haste',250,''),('hatelist',250,''),('heal',250,''),('helm',250,''),('help',0,''),('hideme',100,'gmhideme'),('hotfix',250,''),('hp',250,''),('interrogateinv',100,''),('interrogatelegacy',100,''),('interrupt',250,''),('invul',100,'invulnerable'),('ipban',250,''),('ipexemption',100,''),('iplookup',250,''),('iteminfo',250,''),('itemsearch',100,'fi|finditem|search'),('keyring',250,''),('kick',100,''),('kill',250,''),('lastname',100,''),('leaderboard',100,''),('level',250,''),('listnpcs',250,''),('load_shared_memory',250,''),('loc',250,''),('logs',250,''),('logtest',250,''),('makemule',0,'mule'),('makepet',250,''),('mana',250,''),('manaburn',250,''),('manastat',250,''),('maxskills',250,''),('memspell',250,''),('merchant_close_shop',250,'close_shop'),('merchant_open_shop',250,'open_shop'),('modifynpcstat',250,''),('motd',250,''),('movechar',100,''),('mule',250,''),('mysql',255,''),('mysqltest',255,''),('mystats',250,''),('name',100,''),('netstats',250,''),('npccast',100,''),('npcedit',250,''),('npcemote',250,''),('npcloot',250,''),('npcsay',250,''),('npcshout',250,''),('npcspawn',250,''),('npcstats',250,''),('npctypecache',250,''),('npctypespawn',250,'dbspawn'),('nukebuffs',250,''),('nukeitem',100,''),('numauths',250,''),('oocmute',250,''),('opcode',255,''),('optest',250,''),('path',250,''),('peekinv',100,''),('peqzone',250,''),('permaclass',250,''),('permagender',100,''),('permarace',250,''),('petition',250,''),('pf',100,''),('playsound',250,''),('push',100,''),('pvp',100,''),('qglobal',250,''),('qtest',250,''),('quaketrigger',100,''),('questerrors',250,''),('race',100,''),('raidloot',250,''),('randomfeatures',250,''),('randtest',250,''),('refreshgroup',250,''),('reloadallrules',250,''),('reloademote',250,''),('reloadlevelmods',250,''),('reloadmerchants',250,''),('reloadqst',250,'reloadquest|rq'),('reloadrulesworld',250,''),('reloadstatic',250,''),('reloadtitles',250,''),('reloadtraps',250,''),('reloadworld',250,''),('reloadzps',250,'reloadzonepoints'),('removelegacyitem',100,''),('repop',100,''),('repopclose',100,''),('resetaa',100,''),('resetboat',100,''),('revoke',100,'mute'),('rewind',0,''),('rules',250,''),('save',250,''),('scribespell',100,''),('scribespells',200,''),('sendop',250,''),('sendzonespawns',250,''),('serverlock',250,''),('serversidename',250,''),('setaapts',200,'setaapoints'),('setaaxp',200,'setaaexp'),('setanim',250,''),('setfaction',250,''),('setgraveyard',250,''),('setgreed',250,''),('setlanguage',100,''),('setlsinfo',250,''),('setnpcexpansion',250,''),('setpass',250,''),('setskill',100,''),('setskillall',200,'setallskill|setallskills'),('setxp',200,'setexp'),('showbonusstats',100,''),('showbuffs',100,''),('showfilters',250,''),('showhelm',0,''),('showlootlockouts',0,''),('showpetspell',100,''),('showquake',0,''),('showregen',100,''),('showskills',100,''),('showspellslist',100,''),('showstats',100,''),('showtraderitems',250,''),('shutdown',250,''),('size',100,''),('skills',100,''),('spawn',250,''),('spawnfix',250,''),('spawnstatus',100,''),('spellinfo',250,''),('starve',100,''),('stun',100,''),('summon',100,''),('summonitem',100,'si'),('suspend',100,''),('synctod',250,''),('testcommand',250,''),('testcopy',250,''),('testspawn',250,''),('testspawnkill',250,''),('texture',100,''),('time',250,''),('timers',100,''),('timezone',250,''),('title',100,''),('titlesuffix',100,''),('trapinfo',250,''),('undeletechar',200,''),('underworld',250,''),('unfreeze',100,''),('unmemspell',100,''),('unmemspells',200,''),('unscribespell',100,''),('unscribespells',200,''),('update',250,''),('uptime',250,''),('version',250,''),('viewnpctype',100,''),('viewplayerfaction',100,''),('viewzoneloot',100,''),('wc',100,''),('weather',100,''),('worldshutdown',250,''),('wp',250,''),('wpadd',250,''),('wpinfo',100,''),('xpinfo',100,''),('zclip',250,''),('zcolor',100,''),('zheader',250,''),('zone',100,''),('zonebootup',250,''),('zoneguild',80,''),('zonelock',250,''),('zoneshutdown',250,''),('zonespawn',250,''),('zonestatus',100,''),('zopp',250,''),('zsafecoords',250,''),('zsave',250,''),('zsky',100,''),('zstats',100,''),('zunderworld',250,''),('zuwcoords',250,'');
/*!40101 SET @saved_cs_client     = @@character_set_client */;
/*!40101 SET character_set_client = utf8 */;
CREATE TABLE `launcher` (
  `name` varchar(64) NOT NULL DEFAULT '',
  `dynamics` tinyint(3) unsigned NOT NULL DEFAULT 0,
  PRIMARY KEY (`name`)
) ENGINE=MyISAM DEFAULT CHARSET=latin1 COLLATE=latin1_swedish_ci;
/*!40101 SET character_set_client = @saved_cs_client */;
INSERT INTO `launcher` VALUES ('boats',0),('zone1',0),('zone2',0),('zone3',0),('dynzone1',100),('dynzone2',10);
/*!40101 SET @saved_cs_client     = @@character_set_client */;
/*!40101 SET character_set_client = utf8 */;
CREATE TABLE `launcher_zones` (
  `launcher` varchar(64) NOT NULL DEFAULT '',
  `zone` varchar(32) NOT NULL DEFAULT '',
  `port` mediumint(9) NOT NULL DEFAULT 0,
  `enabled` tinyint(1) unsigned zerofill DEFAULT 0,
  `expansion` varchar(64) DEFAULT NULL,
  PRIMARY KEY (`launcher`,`zone`)
) ENGINE=MyISAM DEFAULT CHARSET=latin1 COLLATE=latin1_swedish_ci;
/*!40101 SET character_set_client = @saved_cs_client */;
INSERT INTO `launcher_zones` VALUES ('zone2','nektulos',7168,1,'classic'),('zone2','unrest',7167,1,'classic'),('zone2','tox',7166,1,'classic'),('zone2','steamfont',7165,1,'classic'),('zone2','sro',7164,1,'classic'),('zone2','southkarana',7163,1,'classic'),('zone2','soldungb',7162,1,'classic'),('zone2','soldunga',7161,1,'classic'),('zone2','runnyeye',7160,1,'classic'),('zone2','rivervale',7159,1,'classic'),('zone2','rathemtn',7158,1,'classic'),('zone2','qrg',7157,1,'classic'),('zone2','qeytoqrg',7156,1,'classic'),('zone2','qeynos2',7155,1,'classic'),('zone3','qeynos',7154,1,'classic'),('zone2','qey2hh1',7153,1,'classic'),('zone2','qcat',7152,1,'classic'),('zone2','permafrost',7151,1,'classic'),('zone2','paw',7150,1,'classic'),('zone2','paineel',7149,1,'classic'),('zone3','oot',7148,1,'classic'),('zone2','oggok',7147,1,'classic'),('zone3','oasis',7146,1,'classic'),('zone3','nro',7145,1,'classic'),('zone2','northkarana',7144,1,'classic'),('zone2','neriakc',7143,1,'classic'),('zone2','neriakb',7142,1,'classic'),('zone2','neriaka',7141,1,'classic'),('zone2','najena',7140,1,'classic'),('zone2','misty',7139,1,'classic'),('zone2','mistmoore',7138,1,'classic'),('zone2','lfaydark',7137,1,'classic'),('zone2','lavastorm',7136,1,'classic'),('zone2','lakerathe',7135,1,'classic'),('zone1','kithicor',7134,1,'classic'),('zone1','kerraridge',7133,1,'classic'),('zone1','kedge',7132,1,'classic'),('zone1','kaladimb',7131,1,'classic'),('zone1','kaladima',7130,1,'classic'),('zone1','innothule',7129,1,'classic'),('zone1','highpass',7128,1,'classic'),('zone1','highkeep',7127,1,'classic'),('zone1','halas',7126,1,'classic'),('zone1','guktop',7125,1,'classic'),('zone1','gukbottom',7124,1,'classic'),('zone1','grobb',7123,1,'classic'),('zone1','gfaydark',7122,1,'classic'),('zone1','freportw',7121,1,'classic'),('zone1','freportn',7120,1,'classic'),('zone3','freporte',7119,1,'classic'),('zone1','felwitheb',7118,1,'classic'),('zone1','felwithea',7117,1,'classic'),('zone1','feerrott',7116,1,'classic'),('zone1','everfrost',7115,1,'classic'),('zone3','erudsxing',7114,1,'classic'),('zone1','erudnint',7113,1,'classic'),('zone3','erudnext',7112,1,'classic'),('zone1','ecommons',7111,1,'classic'),('zone1','eastkarana',7110,1,'classic'),('zone1','crushbone',7109,1,'classic'),('zone1','commons',7108,1,'classic'),('zone1','cazicthule',7107,1,'classic'),('zone1','cauldron',7106,1,'classic'),('zone3','butcher',7105,1,'classic'),('zone1','blackburrow',7104,1,'classic'),('zone1','beholder',7103,1,'classic'),('zone1','befallen',7102,1,'classic'),('zone1','arena',7101,1,'classic'),('zone1','akanon',7100,1,'classic'),('zone1','load2',7169,1,'classic'),('zone1','sodecay',7170,1,'classic'),('zone1','load',7171,1,'classic'),('zone1','soldungb_tryout',7172,1,'classic'),('zone1','kedge_tryout',7173,1,'classic'),('zone1','perma_tryout',7174,1,'classic'),('zone2','bazaar',7185,1,'classic'),('zone1','myriah',7176,1,'classic'),('zone1','air_instanced',7177,1,'classic'),('zone1','fear_instanced',7178,1,'classic'),('zone1','hate_instanced',7179,1,'classic'),('zone1','fearplane',7180,1,'classic'),('zone1','airplane',7182,1,'classic'),('zone1','hateplane',7184,1,'classic'),('zone1','towerfrost',7183,1,'classic'),('zone1','soltemple',7184,1,'classic'),('zone1','rivervale_alt',7186,1,'classic'),('zone1','kithicor_alt',7187,1,'classic'),('zone1','cshome2',7188,1,'classic'),('zone1','mischiefhouse',7189,1,'classic'),('zone1','hole_instanced',7190,1,'classic'),('zone2','hole',7191,1,'classic');
/*!40101 SET @saved_cs_client     = @@character_set_client */;
/*!40101 SET character_set_client = utf8 */;
CREATE TABLE `logsys_categories` (
  `log_category_id` int(11) NOT NULL,
  `log_category_description` varchar(150) DEFAULT NULL,
  `log_to_console` smallint(11) DEFAULT 0,
  `log_to_file` smallint(11) DEFAULT 0,
  `log_to_gmsay` smallint(11) DEFAULT 0,
  PRIMARY KEY (`log_category_id`)
) ENGINE=InnoDB DEFAULT CHARSET=latin1 COLLATE=latin1_swedish_ci;
/*!40101 SET character_set_client = @saved_cs_client */;
INSERT INTO `logsys_categories` VALUES (1,'AA',0,0,0),(2,'AI',0,0,0),(3,'Aggro',0,0,0),(4,'Attack',0,0,0),(5,'Packet: Client -> Server',0,0,0),(6,'Combat',0,0,0),(7,'Commands',0,0,0),(8,'Crash',3,3,0),(9,'Debug',0,0,0),(10,'Doors',0,0,0),(11,'Error',0,0,0),(12,'Guilds',0,0,0),(13,'Inventory',0,0,0),(14,'Launcher',0,0,0),(15,'Netcode',0,0,0),(16,'Normal',0,0,0),(17,'Object',0,0,0),(18,'Pathing',0,0,0),(19,'QS_Server',0,0,0),(20,'Quests',0,0,0),(21,'Rules',0,0,0),(22,'Skills',0,0,0),(23,'Spawns',0,0,0),(24,'Spells',0,0,0),(25,'Status',0,0,0),(26,'TCP_Connection',0,0,0),(27,'Tasks',0,0,0),(28,'Tradeskills',0,0,0),(29,'Trading',0,0,0),(30,'Login_Server',0,0,0),(31,'UCS_Server',0,0,0),(32,'WebInterface_Server',0,0,0),(33,'World_Server',0,0,0),(34,'Zone Server',0,0,0),(35,'MySQL Error',0,0,0),(36,'MySQL Queries',0,0,0),(37,'EQMac',0,0,0),(38,'Quest Debug',0,0,0),(39,'Packet: Server -> Client',0,0,0),(40,'Packet: Client -> Server Unhandled',0,0,0),(41,'Packet: Server -> Client With Dump',0,0,0),(42,'Packet: Client -> Server With Dump',0,0,0),(43,'Maps',0,0,0),(44,'Character',0,0,0),(45,'Faction',0,0,0),(46,'Group',0,0,0),(47,'Corpse',0,0,0),(48,'Bazaar',0,0,0),(49,'Discs',0,0,0),(50,'Boats',0,0,0),(51,'Traps',0,0,0),(52,'PTimers',0,0,0),(53,'Nexus',0,0,0),(54,'Pets',0,0,0),(55,'Regen',0,0,0),(56,'Focus',0,0,0),(57,'Death',0,0,0),(58,'Info',0,0,0),(59,'Warning',0,0,0),(60,'Critical',0,0,0),(61,'Emergency',0,0,0),(62,'Alert',0,0,0),(63,'Notice',0,0,0),(64,'QuestErrors',0,0,0);
/*!40101 SET @saved_cs_client     = @@character_set_client */;
/*!40101 SET character_set_client = utf8 */;
CREATE TABLE `rule_sets` (
  `ruleset_id` tinyint(3) unsigned NOT NULL AUTO_INCREMENT,
  `name` varchar(255) NOT NULL DEFAULT '',
  PRIMARY KEY (`ruleset_id`)
) ENGINE=MyISAM AUTO_INCREMENT=12 DEFAULT CHARSET=latin1 COLLATE=latin1_swedish_ci;
/*!40101 SET character_set_client = @saved_cs_client */;
INSERT INTO `rule_sets` VALUES (1,'default');
/*!40101 SET @saved_cs_client     = @@character_set_client */;
/*!40101 SET character_set_client = utf8 */;
CREATE TABLE `rule_values` (
  `ruleset_id` tinyint(3) unsigned NOT NULL DEFAULT 0,
  `rule_name` varchar(64) NOT NULL DEFAULT '',
  `rule_value` varchar(21) NOT NULL DEFAULT '',
  `notes` varchar(1024) NOT NULL DEFAULT '',
  PRIMARY KEY (`ruleset_id`,`rule_name`),
  KEY `ruleset_id` (`ruleset_id`) USING BTREE
) ENGINE=MyISAM DEFAULT CHARSET=latin1 COLLATE=latin1_swedish_ci;
/*!40101 SET character_set_client = @saved_cs_client */;
INSERT INTO `rule_values` VALUES (1,'Character:DefaultExpansions','8',''),(1,'QueryServ:PlayerLogGroundSpawn','true',''),(1,'QueryServ:PlayerLogMoneyTransactions','false',''),(1,'QueryServ:PlayerLogBankTransactions','false',''),(1,'AlKabor:GreensGiveXPToGroup','false',''),(1,'AlKabor:GreenExpBonus','true',''),(1,'AlKabor:AllowCharmPetRaidTanks','true',''),(1,'World:AdjustRespawnTimes','false',''),(1,'Skills:MaxTrainSpecializations','50',''),(1,'Skills:LangSkillUpModifier','70',''),(1,'World:IsGMPetitionWindowEnabled','false',''),(1,'Spells:ReflectType','1',''),(1,'Spells:BaseImmunityLevel','55',''),(1,'Spells:RootMinResist','5',''),(1,'Character:UseNewStatsWindow','false',''),(1,'Spells:EnableBlockedBuffs','true',''),(1,'Combat:NPCBashKickStunChance','15','Percent chance that a bash/kick will stun'),(1,'Character:ItemEnduranceRegenCap','15',''),(1,'AlKabor:NoDropRemoveTradeskill','true',''),(1,'AlKabor:OutOfRangeGroupXPBonus','false',''),(1,'Spells:MaxTotalSlotsNPC','30',''),(1,'Spells:MaxBuffSlotsNPC','30',''),(1,'Character:SoDClientUseSoDHPManaEnd','false','Setting this to true will allow SoD clients to use the SoD HP/Mana/End formulas and previous clients will use the old formulas'),(1,'Skills:MaxTradeskillSearchSkillDiff','50','The maximum difference in skill between the trivial of an item and the skill of the player if the trivial is higher than the skill. Recipes that have not been learnt or made at least once via the Experiment mode will be removed from searches based on this criteria.'),(1,'Skills:UseLimitTradeskillSearchSkillDiff','true','Enables the limit for the maximum difference between trivial and skill for recipe searches and favorites.'),(1,'Character:DeathExpLossMaxLevel','255',''),(1,'Character:DuelCorpseResTimeMS','600000',''),(1,'World:GuildBankZoneID','345','ID of zone the Guild Bank works in. Default 345, guildhall'),(1,'NPC:ReturnNonQuestNoDropItems','true','Return NO DROP items on NPCs that do not have an EVENT_ITEM sub in their script'),(1,'Spells:EnableSpellGlobals','false',''),(1,'NPC:ReturnNonQuestItems','true',''),(1,'NPC:CheckSoWBuff','false',''),(1,'Zone:MarkMQWarpLT','false',''),(1,'Zone:HotZoneBonus','0.75','hot zone XP bonus'),(1,'Chat:GlobalChatLevelLimit','2',''),(1,'Chat:KarmaGlobalChatLimit','72',''),(1,'Merchant:GreedThreshold','100',''),(1,'Combat:FleeSnareHPRatio','21','HP at which snare will halt movement of a fleeing NPC.'),(1,'World:MaxClientsSetByStatus','false',''),(1,'AA:ExpPerPoint','18750000',''),(1,'Groundspawns:DecayTime','300000',''),(1,'Character:MaxFearDurationForPlayerCharacter','4',''),(1,'Character:MaxCharmDurationForPlayerCharacter','21',''),(1,'Character:BaseHPRegenBonusRaces','4352',''),(1,'Combat:RoundKickBonus','5','% Modifier that this skill gets to str and skill bonuses'),(1,'Combat:TigerClawBonus','10','% Modifier that this skill gets to str and skill bonuses'),(1,'Combat:EagleStrikeBonus','15','% Modifier that this skill gets to str and skill bonuses'),(1,'Combat:DragonPunchBonus','20','% Modifier that this skill gets to str and skill bonuses'),(1,'Combat:FlyingKickBonus','25','% Modifier that this skill gets to str and skill bonuses'),(1,'Combat:MonkDamageTableBonus','10','% bonus monks get to their damage table calcs'),(1,'Combat:MaxFlurryHits','2','max number of extra hits from flurry'),(1,'Combat:MaxRampageTargets','3','max number of people hit with rampage'),(1,'Spells:SacrificeItemID','9963',''),(1,'Spells:MaxTotalSlotsPET','15',''),(1,'Spells:SacrificeMaxLevel','69',''),(1,'Spells:SacrificeMinLevel','46',''),(1,'Map:UseClosestZ','true',''),(1,'Map:FindBestZHeightAdjust','1',''),(1,'Pathing:RouteUpdateFrequencyShort','1000',''),(1,'Pathing:RouteUpdateFrequencyNodeCount','5',''),(1,'Pathing:MinDistanceForLOSCheckShort','40000.0000',''),(1,'Pathing:MinNodesTraversedForLOSCheck','3',''),(1,'Pathing:RouteUpdateFrequencyLong','5000',''),(1,'Pathing:LOSCheckFrequency','1000',''),(1,'Pathing:MaxNodesLeftForLOSCheck','4',''),(1,'Pathing:MinDistanceForLOSCheckLong','1000000.00',''),(1,'Pathing:Guard','true',''),(1,'Combat:ArcheryBaseDamageBonus','1.0000000000000',''),(1,'Pathing:Fear','true',''),(1,'Pathing:CandidateNodeRangeZ','50.0000000000000',''),(1,'NPC:SmartLastFightingDelayMoving','true','When true, mobs that started going home previously will do so again immediately if still on FD hate list'),(1,'Combat:ArcheryBonusRequiresStationary','true',''),(1,'Combat:UseDiscTimerGroups','false',''),(1,'NPC:LastFightingDelayMovingMax','30000',''),(1,'NPC:NPCTemplateID','541',''),(1,'NPC:LastFightingDelayMovingMin','5000',''),(1,'Aggro:ClientAggroCheckInterval','2',''),(1,'Zone:PEQZoneDebuff2','2209',''),(1,'Zone:SpawnEventMin','5',''),(1,'Zone:PEQZoneDebuff1','4454',''),(1,'Zone:IdleTimer','600000',''),(1,'Zone:PEQZoneReuseTime','300',''),(1,'Zone:BoatDistance','50',''),(1,'Pathing:AggroReturnToGrid','true',''),(1,'Pathing:CandidateNodeRangeXY','400.0000000000000',''),(1,'Pathing:Aggro','true',''),(1,'Character:YellowModifier','125',''),(1,'AlKabor:GroupEXPBonuses','false',''),(1,'AlKabor:InvulnHateReduction','false',''),(1,'AlKabor:ReduceAEExp','false',''),(1,'Character:WhiteModifier','100',''),(1,'Combat:NPCBonusHitChance','26.0','notation'),(1,'Character:UseXPConScaling','true',''),(1,'Zone:UsePEQZoneDebuffs','false',''),(1,'Zone:IdleWhenEmpty','true',''),(1,'Character:RestRegenTimeToActivate','30000','Time in seconds for rest state regen to kick in.'),(1,'Character:RestRegenPercent','0','Set to >0 to enable rest state bonus HP and mana regen.'),(1,'Character:RaidExpMultiplier','1.0000000000000',''),(1,'World:MinGMAntiHackStatus','11',''),(1,'Zone:NexusTimer','900000',''),(1,'Chat:KarmaUpdateIntervalMS','1200000',''),(1,'Character:GroupExpMultiplier','1.0000000000000',''),(1,'Chat:MaxMessagesBeforeKick','20',''),(1,'Chat:IntervalDurationMS','60000',''),(1,'Chat:MinimumMessagesPerInterval','4',''),(1,'Chat:MaximumMessagesPerInterval','16',''),(1,'Chat:MinStatusToBypassAntiSpam','80',''),(1,'Chat:EnableMailKeyIPVerification','false',''),(1,'Chat:EnableAntiSpam','true',''),(1,'Combat:WeaponSkillFalloff','0.33',''),(1,'Combat:ArcheryHitPenalty','0.4499999880791',''),(1,'Doors:LargeRaceRange','1180.0000000000000',''),(1,'Combat:HitBonusPerLevel','1.2',''),(1,'Combat:HitFalloffMajor','50.0',''),(1,'Combat:HitFalloffModerate','7.0','hit will fall off up to 7% over the three levels after the initial level range'),(1,'Combat:HitFalloffMinor','5.0','hit will fall off up to 5% over the initial level range'),(1,'Merchant:ChaPenaltyMod','1.52','Determines CHA bottom:up to 102 CHA. 1.52 is 37 CHA at apprehensive. 0.98 is 0 CHA at apprehensive.'),(1,'Merchant:ChaBonusMod','3.45','Determines CHA cap:from 104 CHA. 3.45 is 132 CHA at apprehensive. 0.34 is 400 CHA at apprehensive.'),(1,'Merchant:PricePenaltyPct','4','Determines maximum price penalty from having bad faction/CHA. Value is a percent.'),(1,'Merchant:PriceBonusPct','4','Determines maximum price bonus from having good faction/CHA. Value is a percent.'),(1,'Merchant:BuyCostMod','0.95','Modifier for NPC buy price.'),(1,'Merchant:SellCostMod','1.05','Modifier for NPC sell price.'),(1,'Merchant:UsePriceMod','true','Use faction/charisma price modifiers.'),(1,'World:GMAccountIPList','false',''),(1,'Character:AAExpMultiplier','1.0000000000000',''),(1,'EventLog:RecordBuyFromMerchant','false',''),(1,'EventLog:SkipCommonPacketLogging','true',''),(1,'EventLog:RecordSellToMerchant','false',''),(1,'QueryServ:PlayerLogChat','true',''),(1,'Chat:EnableVoiceMacros','true','notation'),(1,'Spells:TranslocateTimeLimit','0',''),(1,'Spells:RootBreakCheckChance','75',''),(1,'Channels:RequiredStatusListAll','251',''),(1,'Channels:RequiredStatusAdmin','251',''),(1,'Channels:DeleteTimer','1440',''),(1,'Mail:ExpireUnread','31536000','1 Year. Set to -1 for never'),(1,'Mail:ExpireRead','31536000','1 Year. Set to -1 for never'),(1,'Mail:ExpireTrash','0','Time in seconds. 0 will delete all messages in the trash when the mailserver starts'),(1,'Mail:EnableMailSystem','true','If false:client wont bring up the Mail window.'),(1,'World:TutorialZoneID','189','notation'),(1,'Bazaar:MaxSearchResults','200',''),(1,'World:ExemptAccountLimitStatus','200',''),(1,'Zone:NexusScionTimer','900000',''),(1,'World:AccountSessionLimit','1',''),(1,'AlKabor:MaxEntitiesCharmTanks','8',''),(1,'Character:BindAnywhere','false',''),(1,'Character:UseDeathExpLossMult','true','Adjust to use the above multiplier or to use code default.'),(1,'Combat:BaseHitChance','69','notation'),(1,'Combat:AgiHitFactor','0.01','notation'),(1,'Spells:ResistPerLevelDiff','85','8.5 resist per level difference.'),(1,'Character:SharedBankPlat','true','off by default to prevent duping for now'),(1,'Spells:WizCritChance','2',''),(1,'Spells:WizCritRatio','0',''),(1,'Spells:WizCritLevel','12',''),(1,'Spells:BaseCritRatio','100','base % bonus to damage on a successful spell crit. 100 = 2x damage'),(1,'Spells:BaseCritChance','0','base % chance that everyone has to crit a spell'),(1,'Combat:BaseProcChance','0.035','notation'),(1,'Combat:ProcDexDivideBy','11000','notation'),(1,'Combat:AvgProcsPerMinute','2.0','notation'),(1,'Combat:ProcPerMinDexContrib','0.075','notation'),(1,'Chat:ServerWideAuction','false',''),(1,'Combat:AdjustProcPerMinute','true','notation'),(1,'Chat:ServerWideOOC','false',''),(1,'Character:MaxExpLevel','50',''),(1,'Character:CorpseOwnerOnlineTimeMS','30000',''),(1,'Zone:AutoShutdownDelay','5000',''),(1,'World:ClearTempMerchantlist','true',''),(1,'World:AddMaxClientsPerIP','-1',''),(1,'Quarm:GuildFTELockoutTimeMS','300000',''),(1,'Pathing:MaxNavmeshNodes','8184',''),(1,'World:EnableReturnHomeButton','true','notation'),(1,'World:MaxLevelForTutorial','1','notation'),(1,'World:MinOfflineTimeToReturnHome','21600','21600 seconds is 6 Hours'),(1,'World:AddMaxClientsStatus','-1',''),(1,'AlKabor:LevelCorpsesAlwaysSpawn','55',''),(1,'Quarm:RespawnReductionStandardPullLimit','35',''),(1,'TaskSystem:KeepOneRecordPerCompletedTask','true','notation'),(1,'TaskSystem:EnableTaskProximity','true','notation'),(1,'World:EnableTutorialButton','false','notation'),(1,'TaskSystem:RecordCompletedOptionalActivities','true','notation'),(1,'TaskSystem:PeriodicCheckTimer','5',''),(1,'TaskSystem:RecordCompletedTasks','true','notation'),(1,'TaskSystem:EnableTaskSystem','true','Globally enable or disable the Task system'),(1,'AlKabor:StripBuffsOnLowHP','true',''),(1,'Character:SkillUpModifier','70','skill ups are at 100%'),(1,'NPC:EnableNPCQuestJournal','true','notation'),(1,'NPC:CorpseUnlockTimer','240000',''),(1,'NPC:EmptyNPCCorpseDecayTimeMS','30000',''),(1,'Spells:PartialHitChanceFear','0.25','The chance when a fear spell is resisted that it will partial hit.'),(1,'World:UseBannedIPsTable','true',''),(1,'Zone:MQWarpExemptStatus','80',''),(1,'Zone:MQWarpDetectionDistanceFactor','9.0000000000000',''),(1,'Zone:MQZoneExemptStatus','80',''),(1,'Zone:MQGhostExemptStatus','80',''),(1,'Zone:MQGateExemptStatus','80',''),(1,'Zone:EnableMQWarpDetector','false',''),(1,'Combat:FleeIfNotAlone','false',''),(1,'Zone:EnableMQZoneDetector','true',''),(1,'Zone:EnableMQGateDetector','true',''),(1,'World:MaxClientsPerIP','1',''),(1,'World:MaxClientsPerForumName','-1',''),(1,'Spells:AI_EngagedNoSpellMaxRecast','2000',''),(1,'Character:DeathItemLossLevel','10',''),(1,'Zone:EnableMQGhostDetector','true',''),(1,'NPC:BuffFriends','true',''),(1,'Aggro:SpellAggroMod','100',''),(1,'Combat:AssistNoTargetSelf','false',''),(1,'Combat:TauntOverLevel','true',''),(1,'Combat:UseArcheryBonusRoll','false',''),(1,'Character:DisableAAs','false',''),(1,'Watermap:FishingLineLength','40.0000000000000',''),(1,'Watermap:FishingLineExtension','12.0000000000000',''),(1,'Watermap:FishingRodLength','30.0000000000000',''),(1,'Watermap:CheckForWaterWhenFishing','true',''),(1,'NPC:IgnoreQuestLoot','false',''),(1,'Watermap:CheckForWaterOnSendTo','true',''),(1,'Chat:SuppressCommandErrors','false',''),(1,'Watermap:CheckForWaterAtWaypoints','true',''),(1,'Watermap:CheckForWaterWhenMoving','true',''),(1,'NPC:OOCRegen','1',''),(1,'Watermap:CheckWaypointsInWaterWhenLoading','true',''),(1,'NPC:SayPauseTimeInSec','70',''),(1,'Combat:UseIntervalAC','true',''),(1,'Combat:PetAttackMagicLevel','30',''),(1,'Character:HealOnLevel','false',''),(1,'Character:FeignKillsPet','false',''),(1,'Zone:ClientLinkdeadMS','45000',''),(1,'Map:FixPathingZAtWaypoints','true',''),(1,'Map:FixPathingZWhenMoving','true',''),(1,'Map:FixPathingZOnSendTo','true',''),(1,'Zone:GraveyardTimeMS','1200000',''),(1,'Map:FixPathingZWhenLoading','true',''),(1,'Zone:EnableShadowrest','false',''),(1,'NPC:UseItemBonusesForNonPets','true','notation'),(1,'Character:ExpMultiplier','1.0',''),(1,'NPC:MinorNPCCorpseDecayTimeMS','480000',''),(1,'NPC:MajorNPCCorpseDecayTimeMS','1800000',''),(1,'Zone:NPCPositonUpdateTicCount','32','ms between intervals of sending a position update to the entire zone.'),(1,'Combat:ClientBaseCritChance','0',''),(1,'Spells:PartialHitChance','0.7','The chance when a spell is resisted that it will partial hit.'),(1,'Spells:ResistMod','0.40','multiplier:chance to resist = this * ResistAmount'),(1,'Spells:AutoResistDiff','15','notation'),(1,'Spells:ResistChance','2.0000000000000',''),(1,'Combat:BerserkBaseCritChance','6',''),(1,'Combat:NPCBashKickLevel','6',''),(1,'Combat:WarBerBaseCritChance','3','The base crit chance for warriors and berserkers:only applies to clients'),(1,'Combat:MeleeBaseCritChance','0','The base crit chance for non warriors:NOTE: This will apply to NPCs as well'),(1,'Combat:EnableFearPathing','true',''),(1,'Combat:FleeHPRatio','21',''),(1,'World:ExemptMaxClientsStatus','-1',''),(1,'Spells:BlindBreakCheckChance','75',''),(1,'Spells:AI_EngagedNoSpellMinRecast','750',''),(1,'World:ZoneAutobootTimeoutMS','120000',''),(1,'World:ClientKeepaliveTimeoutMS','60000',''),(1,'Pets:AttackCommandRange','200.0000000000000',''),(1,'Skills:MaxTrainTradeskills','21',''),(1,'GM:GMWhoList','80',''),(1,'Guild:MaxMembers','2048','Max number of members allowed in a single guild'),(1,'Character:AutosaveIntervalS','240',''),(1,'Character:LeaveNakedCorpses','false',''),(1,'Character:DeathExpLossLevel','11',''),(1,'Character:CorpseDecayTimeMS','604800000',''),(1,'GM:MinStatusToZoneAnywhere','250',''),(1,'GM:MinStatusToLevelTarget','100',''),(1,'Character:MaxLevel','50',''),(1,'Character:LeaveCorpses','true',''),(1,'Character:HasteCap','100',''),(1,'Character:MaxDraggedCorpses','2',''),(1,'Character:ConsumptionValue','6000',''),(1,'Character:DragCorpseDistance','400.0000000000000',''),(1,'Spells:VirusSpreadDistance','30','The distance a viral spell will jump to its next victim'),(1,'Combat:ArcheryNPCMultiplier','1.0000000000000',''),(1,'Aggro:TunnelVisionAggroMod','0.7500000000000',''),(1,'Character:ItemCastsUseFocus','false',''),(1,'World:ExpansionSettings','8','Expansion settings. Affects client features related to expansions.'),(1,'World:PVPSettings','0',''),(1,'World:MuleToonLimit','8',''),(1,'World:FVNoDropFlag','0',''),(1,'World:TellQueueSize','200',''),(1,'World:BootHour','0',''),(1,'World:WhoListLimit','20',''),(1,'Character:MinStatusForNoDropExemptions','80',''),(1,'Spells:AI_EngagedBeneficialSelfChance','100',''),(1,'Character:SkillCapMaxLevel','-1',''),(1,'Guild:MaxGuilds','300',''),(1,'GM:MinStatusToUseGMItem','80',''),(1,'Console:SessionTimeOut','600000',''),(1,'QueryServ:LevelAlwaysLogKills','15',''),(1,'Guild:PlayerCreationAllowed','false','Allow players with Underfoot+ to create a guild via new UI window.'),(1,'Guild:PlayerCreationLimit','1','Allow players to create a guild using the window in Underfoot+'),(1,'Guild:PlayerCreationRequiredLevel','0','Required level to use the UF+ window to create a new guild.'),(1,'Guild:PlayerCreationRequiredStatus','0','Required admin status to use UF+ window to create a new guild.'),(1,'Guild:PlayerCreationRequiredTime','0','Required Time Entitled on Account to be able to use UF+ window to create a new guild.'),(1,'Spells:LiveLikeFocusEffects','true',''),(1,'Spells:JamFestAAOnlyAffectsBard','true',''),(1,'NPC:StartEnrageValue','9',''),(1,'NPC:LiveLikeEnrage','false',''),(1,'NPC:BoatsRunByDefault','true',''),(1,'Character:ItemExtraDmgCap','150','eg +bash, +frenzy dmg, etc'),(1,'Character:CheckCursorEmptyWhenLooting','true',''),(1,'Character:SacrificeCorpseDepop','false',''),(1,'Character:MaintainIntoxicationAcrossZones','true',''),(1,'Character:ForageNeedFoodorDrink','true',''),(1,'Character:UseRaceClassExpBonuses','true','Setting this to true will enable Class and Racial experience rate bonuses'),(1,'Character:EnableDiscoveredItems','false',''),(1,'Character:KeepLevelOverMax','false',''),(1,'Combat:WarriorThreatBonus','0',''),(1,'Character:CorpseResTimeMS','10800000',''),(1,'Character:StatCap','0',''),(1,'Character:BaseInstrumentSoftCap','36',''),(1,'Character:SumCorpseDecayTimeMS','43200000',''),(1,'World:DeleteStaleCorpeBackups','true','Deletes stale corpse backups older than 2 weeks.'),(1,'Zone:UsePlayerCorpseBackups','true',''),(1,'Spells:AvgSpellProcsPerMinute','6.0','Default = 6.0 Determines proc rate of spells applied from sympathetic focus effect'),(1,'Spells:ResistFalloff','67',''),(1,'Spells:CharmMinResist','5',''),(1,'Spells:CharismaEffectiveness','10','Default 10 CHA = -1 resist mod. Deterimes how much resist modification charisma applies to charm/pacify checks.'),(1,'Spells:CharmBreakCheckChance','65','Default 25. Determines percent chance for a charm break check to occur each buff tick.'),(1,'Combat:AvgDefProcsPerMinute','2','Default 2. Determines defensive procs per minute.'),(1,'Combat:DefProcPerMinAgiContrib','0.075','Default 25. Determines how much agility effects proc rate.'),(1,'Combat:SpecialAttackACBonus','15','(Default=15) Percent amount of damage per AC gained for certain special attacks (damage = AC*SpecialAttackACBonus/100).'),(1,'Combat:FrenzyBonus','0','Modify Frenzy skill damage by percent,'),(1,'Combat:TauntSkillFalloff','0.33','(Default=0.33) For every taunt skill point thats not maxed you lose this % chance to taunt.'),(1,'Spells:MaxCastTimeReduction','50','Max percent your spell cast time can be reduced by spell haste.'),(1,'Spells:RootBreakFromSpells','55',''),(1,'Spells:DeathSaveCharismaMod','3','Determines how much charisma effects chance of death save firing.(CHA*value/10)'),(1,'Spells:DivineInterventionHeal','8000','Divine intervention heal amount.'),(1,'Combat:NPCFlurryChance','20',''),(1,'Combat:QuiverWRHasteDiv','4',''),(1,'Spells:AdditiveBonusValues','false',''),(1,'Spells:FocusCombatProcs','false',''),(1,'Spells:SHDProcIDOffByOne','true',''),(1,'Spells:SwarmPetTargetLock','false',''),(1,'Character:PerCharacterQglobalMaxLevel','false',''),(1,'Character:ManaOnLevel','false',''),(1,'QueryServ:PlayerLogNPCKills','false',''),(1,'QueryServ:PlayerLogTrades','true',''),(1,'QueryServ:PlayerChatLogging','false',''),(1,'QueryServ:PlayerLogMoneyTrades','true',''),(1,'QueryServ:PlayerLogPCCoordinates','false',''),(1,'Chat:FlowCommandstoPerl_EVENT_SAY','true',''),(1,'World:IPLimitDisconnectAll','false',''),(1,'World:DontBootDynamics','true',''),(1,'Zone:EnableNexusPortals','true',''),(1,'Pets:UnTargetableSwarmPet','false',''),(1,'QueryServ:PlayerLogMerchantTransactions','true',''),(1,'QueryServ:PlayerLogDeletes','true',''),(1,'QueryServ:PlayerLogHandins','true',''),(1,'QueryServ:PlayerLogMoves','false',''),(1,'Mercs:AllowMercs','false','Turns mercs on for the server - will not load merc data if set to false.'),(1,'Mercs:SuspendIntervalMS','10000','Time interval for suspend command in milliseconds.'),(1,'Mercs:UpkeepIntervalMS','180000','Time interval for merc upkeep in milliseconds.'),(1,'Mercs:SuspendIntervalS','10','Time interval for suspend command in seconds.'),(1,'Mercs:UpkeepIntervalS','180','Time interval for merc upkeep in seconds.'),(1,'Mercs:ScaleRate','100','Allows scaling of merc stats vs livelike values.'),(1,'Mercs:AggroRadius','100','Determines the distance from which a merc will aggro target(also used to determine the distance at which a healer merc will begin healing a group member)'),(1,'Mercs:AggroRadiusPuller','25','Determines the distance from which a merc will aggro target, if they have the group role of puller (also used to determine the distance at which a healer merc will begin healing a group member, if they have the group role of puller)'),(1,'Zone:LevelBasedEXPMods','true',''),(1,'Mercs:ResurrectRadius','50','Determines the distance from which a healer merc will attempt to resurrect a corpse'),(1,'Mercs:ChargeMercPurchaseCost','false','Turns Mercenary purchase costs on or off.'),(1,'Mercs:ChargeMercUpkeepCost','false','Turns Mercenary upkeep costs on or off.'),(1,'Spells:BuffLevelRestrictions','true',''),(1,'Zone:WeatherTimer','2160',''),(1,'Spells:CharismaCharmDuration','false','Allow CHA to extend charm duration.'),(1,'Spells:CharismaResistCap','255','Maximium amount of CHA that will effect charm resist rate.'),(1,'Inventory:EnforceAugmentRestriction','false','Forces augment slot restrictions.'),(1,'Inventory:EnforceAugmentUsability','false','Forces augmented item usability.'),(1,'Inventory:EnforceAugmentWear','false','Forces augment wear slot validation.'),(1,'Character:BaseRunSpeed','0.6999999880791',''),(1,'Spells:BaseFizzleChance','20',''),(1,'Spells:FearBreakCheckChance','70',''),(1,'Spells:AI_SpellCastFinishedFailRecast','800',''),(1,'Skills:TrackingBardMultiplier','7',''),(1,'Skills:TrackingDruidMultiplier','8',''),(1,'Skills:TrackingRangerMultiplier','9',''),(1,'Character:TradeskillSkillUpModifier','0.5',''),(1,'Spells:SuccorFailChance','0.005','Determines chance for a succor spell not to teleport an invidual player.'),(1,'Skills:TrackingMultiplier','2',''),(1,'Quarm:EnableChecksumEnforcement','false',''),(1,'Map:FixZWhenPathing','true',''),(1,'Quarm:EnablePetExperienceSplit','true',''),(1,'Merchant:UseGreed','false',''),(1,'Merchant:ClearTempList','true',''),(1,'QueryServ:PlayerLogZone','false',''),(1,'Quarm:EnableSpellSixLevelRule','true',''),(1,'QueryServ:PlayerLogConnectDisconnect','false',''),(1,'QueryServ:PlayerLogLevels','false',''),(1,'Quarm:RespawnReductionLowerBound','11999',''),(1,'Quarm:RespawnReductionLowerBoundMax','60000',''),(1,'Quarm:RespawnReductionLowerBoundMin','12000',''),(1,'Quarm:RespawnReductionHigherBound','60000',''),(1,'Quarm:RespawnReductionHigherBoundMax','300000',''),(1,'Quarm:RespawnReductionHigherBoundMin','60001',''),(1,'Quarm:EnableRespawnReductionSystem','true',''),(1,'Quarm:HardcoreDeathBroadcastLevel','15',''),(1,'Quarm:RespawnReductionNewbiePullLimit','35',''),(1,'Quarm:DeleteHCCharactersAfterDeath','false',''),(1,'QueryServ:PlayerLogAARate','false',''),(1,'Quarm:QuakeEndTimeDuration','10800',''),(1,'AlKabor:Count6thGroupMember','true',''),(1,'AlKabor:AllowPriceIncWhileBrowsing','true',''),(1,'AlKabor:NPCsSendHPUpdatesPerTic','false',''),(1,'AlKabor:NoMaxWhoGuild','true',''),(1,'Character:EmptyCorpseDecayTimeMS','604800000',''),(1,'AlKabor:AllowPetPull','false',''),(1,'AlKabor:AllowTickSplit','false',''),(1,'World:BootTime','9',''),(1,'Character:CanCreate','true',''),(1,'Quarm:QuakeRepopDelay','5',''),(1,'Skills:HighStatSkillUpModifier','0.75',''),(1,'Skills:SkillUpModifier','0.7500000000000',''),(1,'QueryServ:PlayerLogAAPurchases','false',''),(1,'QueryServ:PlayerLogDeaths','true',''),(1,'Quarm:QuakeMaxVariance','604800',''),(1,'QueryServ:PlayerLogTradeSkillEvents','false',''),(1,'QueryServ:PlayerLogQGlobalUpdate','false',''),(1,'Quarm:QuakeMinVariance','259200',''),(1,'QueryServ:PlayerLogLoot','true',''),(1,'World:StreamDataRate','50',''),(1,'QueryServ:PlayerLogItemDesyncs','true',''),(1,'Doors:NormalRaceRange','125.0000000000000',''),(1,'Quarm:EnableQuakes','true',''),(1,'AlKabor:ReducedMonkAC','false',''),(1,'AlKabor:BlockProjectileWalls','true',''),(1,'AlKabor:BlockProjectileCorners','true',''),(1,'AlKabor:VeliousGroupEXPBonuses','false',''),(1,'AlKabor:RaceEffectsAASplit','true',''),(1,'AlKabor:ServerExpBonus','false',''),(1,'AlKabor:RememberAir','true',''),(1,'AlKabor:ClickyHateExploit','false',''),(1,'World:CurrentExpansion','1.7',''),(1,'AlKabor:EnableMobLevelModifier','false',''),(1,'Items:DisableNoRent','false',''),(1,'Bugs:ReportingSystemActive','true',''),(1,'Petitions:PetitionSystemActive','false',''),(1,'AlKabor:ClassicGroupEXPBonuses','true',''),(1,'AlKabor:EnableEraItemRules','true',''),(1,'Items:DisableNoDrop','false',''),(1,'AlKabor:EnableLuclinHarmonyResistOverride','false',''),(1,'Groundspawns:RandomSpawn','true',''),(1,'AlKabor:EnableLatePlanesHarmonyNerf','false',''),(1,'QueryServ:BazaarAuditTrail','false',''),(1,'Character:MaxBetaBuffLevel','1',''),(1,'Character:FamishedLevel','120',''),(1,'Character:ItemManaRegenCap','15',''),(1,'Character:ItemATKCap','250',''),(1,'Spells:AI_EngagedBeneficialOtherChance','25',''),(1,'Spells:AI_EngagedDetrimentalChance','25',''),(1,'Spells:AI_EngagedDetrimentalChanceHealer','25',''),(1,'Spells:AI_EngagedDetrimentalChanceHybrid','3',''),(1,'Spells:AI_IdleNoSpellMinRecast','1500',''),(1,'Spells:AI_IdleNoSpellMaxRecast','6000',''),(1,'Spells:AI_IdleBeneficialChance','100',''),(1,'Spells:SpellRecoveryTimer','2500',''),(1,'Combat:RogueCritThrowingChance','25',''),(1,'Combat:RogueDeadlyStrikeChance','80',''),(1,'Combat:RogueDeadlyStrikeMod','2',''),(1,'Combat:MinRangedAttackDist','25',''),(1,'Combat:MinHastedDelay','400',''),(1,'Combat:ArcheryBonusChance','50',''),(1,'Combat:BerserkerFrenzyStart','35',''),(1,'Combat:BerserkerFrenzyEnd','45',''),(1,'Combat:PvPMeleeDmgPct','100',''),(1,'Combat:PvPSpellDmgPct','62',''),(1,'Combat:PvPArcheryDmgPct','100',''),(1,'Groundspawns:DisarmDecayTime','300000',''),(1,'Groundspawns:FullInvDecayTime','21600000',''),(1,'Range:EventSay','5000',''),(1,'Range:EventAggroSay','5000',''),(1,'Range:Say','100',''),(1,'Range:Emote','135',''),(1,'Range:BeginCast','200',''),(1,'Range:Anims','135',''),(1,'Range:ProjectileAnims','135',''),(1,'Range:SpellAnims','135',''),(1,'Range:DamageMessages','75',''),(1,'Range:CombatSpecials','80',''),(1,'Range:SpellMessages','75',''),(1,'Range:SongMessages','60',''),(1,'Character:EXPLossMultiplier','1.0000000000000',''),(1,'Character:FoodLossPerUpdate','75.0000000000000',''),(1,'Character:EnvironmentDamageMulipliter','1.0000000000000',''),(1,'Zone:GroupEXPRange','500.0000000000000',''),(1,'AlKabor:LightBlueExpMod','100.0000000000000',''),(1,'AlKabor:BlueExpMod','100.0000000000000',''),(1,'AlKabor:WhiteExpMod','100.0000000000000',''),(1,'AlKabor:YellowExpMod','100.0000000000000',''),(1,'AlKabor:RedExpMod','100.0000000000000',''),(1,'Quarm:SpeedieDistThreshold','5.0000000000000',''),(1,'Quarm:SpeedieSecondElapsedThreshold','1.0000000000000',''),(1,'Quarm:SpeedieDistFromExpectedThreshold','125.0000000000000',''),(1,'Quarm:SpeedieDistFromZonePointThreshold','500.0000000000000',''),(1,'Quarm:SpeedieDistFromBoatThreshold','750.0000000000000',''),(1,'Quarm:SpeedieSlowerDistDivTime','160.0000000000000',''),(1,'Quarm:SpeedieHigherDistDivTime','160.0000000000000',''),(1,'Quarm:SpeedieBardDistDivTime','160.0000000000000',''),(1,'Quarm:SpeedieHighSpeedThreshold','1.1000000238419',''),(1,'Quarm:SpeedieBardSpeedThreshold','1.3999999761581',''),(1,'Map:FixPathingZMaxDeltaSendTo','20.0000000000000',''),(1,'Map:FixPathingZMaxDeltaLoading','200.0000000000000',''),(1,'Map:BestZSizeMax','20.0000000000000',''),(1,'Pathing:NavmeshStepSize','100.0000000000000',''),(1,'Pathing:ShortMovementUpdateRange','130.0000000000000',''),(1,'Doors:LargeRaceZ','150.0000000000000',''),(1,'Doors:NormalRaceZ','20.0000000000000',''),(1,'Quarm:VeliousEraAggroCaps','false',''),(1,'Quarm:PreLuclinDiseaseCounterAggro','true',''),(1,'Quarm:MaxTradeskillCap','200',''),(1,'Quarm:ClientInstanceBootGraceMS','0',''),(1,'Quarm:HardcoreDeathLevel','1',''),(1,'Quarm:RespawnReductionDungeonPullLimit','35',''),(1,'Chat:KarmaGlobalChatLevelLimit','3',''),(1,'Quarm:RespawnReductionDungeonHigherBound','480000',''),(1,'Quarm:RespawnReductionDungeonLowerBoundMin','300000',''),(1,'Quarm:RespawnReductionDungeonHigherBoundMin','900000',''),(1,'Quarm:RespawnReductionDungeonLowerBoundMax','899000',''),(1,'Quarm:RespawnReductionDungeonHigherBoundMax','2400000',''),(1,'Quarm:RespawnReductionDungeonLowerBound','360000',''),(1,'Quarm:GuildFTEDisengageTimeMS','60000',''),(1,'Quarm:EnableProjectSpeedie','true',''),(1,'Quarm:NoPlayerDamagePetPenalty','false',''),(1,'Quarm:ThanksgivingExpBonus','true',''),(1,'Quarm:ThanksgivingExpBonusOutdoorAmt','0.0420',''),(1,'Quarm:FlyingRaceExpBonus','0.069',''),(1,'Quarm:EnableNPCProximityAggroSystem','false',''),(1,'Quarm:AutomatedRaidRotationRaidGuildLevelRequirement','30',' '),(1,'Quarm:AutomatedRaidRotationRaidGuildMemberCountRequirement','1',' '),(1,'Quarm:AutomatedRaidRotationRaidNonMemberCountRequirement','1',' '),(1,'Quarm:EnforceClassicEraHardCaps','true',''),(1,'Quarm:ErollsiDayEvent','true',' '),(1,'World:MaxMulesPerIP','1','');
/*!40101 SET @saved_cs_client     = @@character_set_client */;
/*!40101 SET character_set_client = utf8 */;
CREATE TABLE `variables` (
  `varname` varchar(25) NOT NULL DEFAULT '',
  `value` text NOT NULL,
  `information` text NOT NULL,
  `ts` timestamp NOT NULL DEFAULT current_timestamp() ON UPDATE current_timestamp(),
  PRIMARY KEY (`varname`)
) ENGINE=MyISAM DEFAULT CHARSET=latin1 COLLATE=latin1_swedish_ci;
/*!40101 SET character_set_client = @saved_cs_client */;
INSERT INTO `variables` VALUES ('AAXPMod','0.75','AA Experience multipler. Increase to increase exp rate','2015-02-03 01:59:49'),('ACfail','15','the percentage of time AC fails to protect. 0 would mean there was always some level of protection, 100 would mean AC has no affect. When AC fails, it will be possible to get a max dmg hit.','2015-02-03 01:59:49'),('ACrandom','20','','2015-02-03 01:59:49'),('ACreduction','3','','2015-02-03 01:59:49'),('ailevel','6','','2015-02-03 01:59:49'),('curInstFlagNum','2002','Determines what instance flag will be handed out next','2015-02-03 01:59:49'),('DBVersion','070_pop','DB version info','2015-02-03 01:59:49'),('decaytime 1 54','450','Corpse decay time for Level\'s 1 to 54','2015-02-03 01:59:49'),('decaytime 55 100','1800','Corpse decay time for Level\'s 55 to 100','2015-02-03 01:59:49'),('dfltInstZflag','1000','Used to determine if a zone is instanced, must be 1000 or greater','2015-02-03 01:59:49'),('disablecommandline','0','Allow command lines to be run from world.exe | 0 - off | 1 - on |','2015-02-03 01:59:49'),('Expansions','0','Accessible expansions for each player. Default 15','2023-08-01 22:15:30'),('EXPMod','0.75','Experience multipler. Increase to increase exp rate','2015-02-03 01:59:49'),('git-BRANCH','prerelease','git rev-parse --abbrev-ref HEAD','2023-07-24 05:49:37'),('git-HEAD-hash','rev-parse','git rev-parse HEAD','2015-10-22 15:52:50'),('GroupEXPBonus','0.60','Experience multipler. Increase to increase group exp rate','2015-02-03 01:59:49'),('GuildWars','0','Enable Guild Wars Type Server | 0 - off | 1 - on |','2015-02-03 01:59:49'),('holdzones','0','Restart Crashed Zone Servers | 0 - off | 1 - on |','2015-02-03 01:59:49'),('leavecorpses','0','Players leave corpses | 0 - off | 1 - on |','2015-02-03 01:59:49'),('loglevel','0000','Commands,Merchants,Trades,Loot','2015-02-03 01:59:49'),('Max_AAXP','21626880','Max AA Experience','2015-02-03 01:59:49'),('MerchantsKeepItems','1','Merchants keep items sold to them | 0 - off | 1 - on |','2015-02-03 01:59:49'),('MOTD','Welcome to Project Quarm! The standard ruleset is currently in effect.','','2024-04-13 00:02:48'),('hotfix_name','hotfix_','','2024-04-12 23:34:15'),('CustomChecksum','29639760219562021','Checksum','2023-10-08 04:08:30'),('PreviousCustomChecksum','842229906096202','Previously active checksum if any.','2023-10-08 04:08:29'),('CustomSpellsChecksum','8148329455921329','Spells custom checksum.','2023-11-27 02:44:17');
